"ID";"target";"eta_df";"multiplic";"shift";"epsilon_df";"meanshift";"strength";"F_id";"N";"pvSet_1";"pvSet_2";"pvSet_3";"pvSet_4";"pvSet_5";"pvSet_6";"pvSet_7";"pvSet_8";"pvSet_9";"pvSet_10";"pvSet_11";"pvSet_12";"pvSet_13";"pvSet_14";"pvSet_15";"pvSet_16";"pvSet_17";"pvSet_18";"pvSet_19";"pvSet_20";"pvSet_21";"pvSet_22";"pvSet_23";"pvSet_24";"pvSet_25";"pvSet_26";"pvSet_27";"pvSet_28";"pvSet_29";"pvSet_30";"pvSet_31"
"o-366165";"Z_5";"10";"sum";"TRUE";"10";"0";"10";"softplus";"5000";"1.2645";"1.5818";"0.5229";"0.6828";"0";"0.8438";"2.3172";"1.2131";"0";"1.1936";"1.8113";"0";"1.5831";"0";"0";"0.9982";"1.4535";"7e-04";"0.9383";"0";"0.0016";"1.1253";"0";"0";"0";"1.5819";"0.001";"2e-04";"0";"0";"5e-04"
"n-277657";"Z_1";"2";"product";"TRUE";"2";"0";"0.2";"cubic";"5000";"0.703";"0.3188";"0.2559";"0.0973";"0.2503";"0.5928";"0.1977";"0.3281";"1.0161";"0.2454";"0.3803";"0.1508";"0.5588";"0.465";"0.2632";"0.6383";"0.7098";"0.3464";"0.9941";"0.8994";"0.8375";"0.7345";"0.0603";"0.5834";"0.2179";"0.851";"0.7647";"0.9472";"0.6198";"0.4352";"0.2429"
"v-657700";"Z_1";"20";"product";"TRUE";"20";"0.1";"2";"softplus";"5000";"0";"0";"0.1889";"0.1052";"0.1778";"0";"0";"0";"0";"0";"0";"0";"0.1203";"0.08";"0.0244";"0";"0";"0";"0";"0";"0";"0";"0";"0";"0.0019";"0";"0";"0";"1e-04";"0";"0"
"h-367637";"Z_4";"2";"product";"TRUE";"2";"0.5";"0.1";"cubic";"5000";"1.8828";"0.004";"0.2575";"2.0605";"4.4762";"0.0822";"0.3712";"1.2154";"2.2762";"1.8828";"0.0036";"0.0139";"0.3936";"0.8371";"1.4208";"1.8828";"0.0099";"0.0822";"2.33";"1.8828";"0.0822";"1.8828";"0.2457";"0.0127";"0.3936";"0.1541";"0.3936";"0.0822";"0.3839";"0.0822";"1.2343"
"l-423761";"Z_5";"100";"sum";"TRUE";"100";"0";"2";"square";"5000";"0.567";"1.393";"0.6811";"0.2561";"1.2431";"0.5447";"0.5447";"0.618";"0.2562";"0.9056";"0.1765";"1.3197";"0.1868";"0.0778";"0.1765";"0.3685";"0.2042";"0.5561";"0.7432";"0.6523";"0.2378";"0.7316";"0.2269";"0.0873";"0.9145";"0.0437";"1.3209";"0.1483";"0.1477";"0.0199";"0.2561"
"g-417961";"Z_4";"20";"product";"FALSE";"20";"5";"5";"softplus";"5000";"0";"0";"0";"0";"0";"0";"0";"0";"0";"0";"0";"0";"0";"0";"0";"0";"0";"0";"0";"0";"0";"0";"0";"0";"0";"0";"0";"0";"0";"0";"0"
"e-168967";"Z_2";"2";"product";"FALSE";"2";"2";"10";"cubic";"5000";"0";"0.1346";"0.0052";"0.0125";"0.0441";"0";"0";"0";"0";"0";"0.0152";"0.005";"0.0152";"0";"0.0125";"0";"0";"0";"0";"0";"0";"0.0151";"0";"0.0125";"0.0122";"0";"0";"0.0011";"0";"0.0125";"0"
"j-273983";"Z_6";"3";"product";"TRUE";"3";"0.5";"0.5";"softplus";"5000";"0";"0";"0";"0";"0";"0";"0";"0";"0";"0";"0";"0";"0";"0.0876";"0";"0";"0";"0";"0";"0.0019";"0";"0";"0.4406";"0";"8e-04";"0";"0.0125";"0";"0.1304";"0.1267";"1e-04"
"q-964908";"Z_2";"5";"product";"FALSE";"5";"0.2";"10";"log";"5000";"0";"0";"0";"0";"0";"0";"0";"0";"0";"0";"0";"0";"0";"0";"0";"0";"0";"0";"0";"0";"0";"0";"0";"0";"0";"0";"0";"0";"0";"0";"0"
"j-170926";"Z_4";"10";"sum";"FALSE";"10";"2";"0.1";"softplus";"5000";"0";"1e-04";"2.5224";"0";"0.2858";"0";"0.131";"2e-04";"1.7171";"0.7029";"0.8411";"4e-04";"1.0886";"0.2863";"0";"0.2175";"3e-04";"0.0405";"1.2544";"0.9012";"1e-04";"1.0036";"4.685";"0.0028";"0.0376";"0.318";"0.6168";"3.9847";"0.0451";"4e-04";"0.4634"
"x-899747";"Z_1";"2";"product";"FALSE";"2";"10";"2";"log";"5000";"0.007";"9e-04";"7e-04";"0.1228";"0";"2e-04";"0.0228";"0.4226";"0";"0";"0";"0";"0";"0";"0";"2e-04";"0";"0";"0";"0.1075";"0";"0";"0";"0";"0";"0";"1e-04";"0";"1e-04";"0";"0"
"x-740980";"Z_6";"50";"sum";"FALSE";"50";"0.5";"2";"softplus";"5000";"0";"0";"0";"0";"0";"0";"0";"0";"0";"0";"0";"0";"0";"3e-04";"0";"0";"0";"0";"0";"0";"0";"0";"0";"0";"1e-04";"0";"0";"0";"0";"0";"0"
"x-131435";"Z_4";"3";"sum";"TRUE";"3";"0";"10";"log";"5000";"0";"0";"0";"0";"0";"0";"0";"0";"0";"0";"0";"0";"0";"0";"0";"0";"0";"0";"0";"0";"0";"0";"0";"0";"0";"2e-04";"0";"0";"0";"0";"0"
"n-645384";"Z_6";"10";"sum";"FALSE";"10";"0.5";"10";"log";"5000";"0";"0";"0";"0";"0";"0";"0";"0";"0";"0";"0";"0";"0";"0";"0";"0";"0";"0";"0";"0";"0";"0";"0";"0";"0";"0";"0";"0";"0";"0";"0"
"x-270463";"Z_1";"50";"sum";"TRUE";"50";"0.5";"0.2";"cubic";"5000";"1.813";"0.4473";"1.0253";"1.8915";"0.5737";"1.258";"2.6428";"2.4015";"2.199";"0.7312";"0.3465";"0.6487";"0.9722";"0.8194";"0.1485";"1.6389";"3.1143";"1.2899";"1.639";"2.0003";"2.301";"0.2993";"0.2623";"0.229";"0.9217";"1.4015";"1.1269";"1.4014";"1.3287";"0.1603";"2.2718"
"h-722051";"Z_5";"5";"sum";"TRUE";"5";"1";"10";"square";"5000";"0.9613";"2.3212";"2.0099";"2.0139";"1e-04";"2.0146";"2.5937";"2.1122";"0.8292";"1.0179";"1.4918";"0.0842";"1.1391";"0";"0.0015";"1.8267";"2.2022";"0.0028";"2.1126";"0";"0.3469";"3.7505";"0";"0.2963";"0";"2.5416";"0";"1.6501";"0";"0";"0"
"m-409320";"Z_4";"10";"product";"FALSE";"10";"0";"0";"log";"5000";"5.4948";"0.3526";"3.4121";"4.4991";"4.5668";"1.6148";"5.5359";"2.2262";"4.5001";"5.5332";"0.189";"1.6137";"5.5083";"5.4895";"4.5668";"4.5679";"0.9258";"0.9694";"3.4109";"5.4896";"2.0793";"4.5671";"4.5673";"0.1104";"4.575";"5.494";"5.4892";"4.4995";"5.4974";"4.5897";"5.493"
"u-521068";"Z_3";"5";"sum";"TRUE";"5";"2";"10";"cubic";"5000";"0";"3e-04";"0";"0";"0";"0";"0";"0.0044";"0.0044";"0";"0";"0";"0";"0";"0";"0";"0.0019";"0";"0";"0";"0";"7e-04";"0";"0";"0";"0";"0";"0";"0";"0";"0"
"v-568993";"Z_6";"20";"product";"FALSE";"20";"2";"0";"softplus";"5000";"0";"0";"0.0045";"0";"0";"0.3598";"7e-04";"0";"0";"0";"0.0136";"0";"0.0019";"0.3901";"0";"0";"1e-04";"0.5246";"5e-04";"0.0447";"0";"0";"1e-04";"0";"0.1537";"0.0436";"1.855";"0.0092";"1.1551";"0.4771";"0.2848"
"a-549061";"Z_6";"20";"sum";"TRUE";"20";"0.2";"0.5";"square";"5000";"0";"0";"0";"0";"0";"0";"0";"0";"0";"0";"0";"0";"0";"0";"0";"0";"0";"0";"0";"0";"0";"0";"0";"0";"0";"0";"0";"2e-04";"0";"0.0012";"0.0013"
"e-158299";"Z_6";"100";"sum";"TRUE";"100";"0.5";"10";"cubic";"5000";"0";"0.0342";"0";"0";"0";"0.0342";"0";"0";"1e-04";"0";"0";"0";"1e-04";"0";"0";"0";"1e-04";"0";"0";"0";"0";"1e-04";"0";"0";"0";"0";"0";"0";"0.0342";"0";"0"
"q-921164";"Z_3";"50";"sum";"TRUE";"50";"2";"10";"log";"5000";"0";"0";"0";"0";"0";"0";"0";"0";"0";"0";"0";"0";"0";"0";"0";"0";"0";"0";"0";"0";"0";"0";"0";"0";"0";"0";"0";"0";"0";"0";"0"
"x-536194";"Z_6";"2";"product";"TRUE";"2";"0.5";"0.5";"softplus";"5000";"0";"0";"0.0092";"0";"0";"0";"0";"0";"0";"0";"0";"0";"7e-04";"0.0176";"0";"0";"0";"0";"0";"0.0018";"0";"0";"0.0086";"0";"0.0014";"0";"4e-04";"0";"0";"0.007";"0.0215"
"u-358185";"Z_6";"100";"sum";"TRUE";"100";"0";"0.2";"softplus";"5000";"2.7136";"0.6382";"0.9411";"2.1186";"0.2389";"1.2025";"0.811";"1.6993";"0.1544";"1.0615";"0.544";"1.2755";"0.5479";"1.2435";"0.6076";"0.3402";"1.5286";"1.6022";"1.0711";"1.3955";"1.2675";"0.4738";"2.5879";"0.1674";"1.3262";"0.3926";"0.5876";"1.9449";"2.0889";"1.1905";"2.2365"
"e-654272";"Z_3";"50";"sum";"TRUE";"50";"10";"0.2";"square";"5000";"0";"0";"0";"0";"0";"1e-04";"0";"0";"0";"0";"0";"0";"0";"0";"0";"0";"0";"0";"0";"0";"0";"0";"0";"0";"0";"0";"0";"0";"0";"0";"0"
"h-454354";"Z_4";"3";"sum";"TRUE";"3";"0.1";"0.5";"cubic";"5000";"0.0266";"2.5236";"0.5868";"0.7073";"2.5236";"0.236";"3e-04";"2.1641";"0.9572";"2.5236";"0.023";"2.5236";"0.236";"0.3648";"0.7073";"0.7073";"0.0104";"2.5236";"0.0499";"0.1838";"0.6541";"2.5236";"1.3913";"0.0292";"0.5868";"1.3814";"0.7073";"2.9775";"0.7073";"0.7073";"0.0139"
"f-675858";"Z_3";"5";"product";"TRUE";"5";"0.1";"0.2";"softplus";"5000";"0.5729";"0.1544";"0.5742";"0.0297";"0.5831";"1.0719";"0.4733";"0.4497";"0.3809";"0.3139";"0.0251";"0.0409";"0.8388";"0.1847";"0.0016";"1.2282";"1.6332";"1.4656";"0.9018";"0.7815";"0.1571";"0.3251";"0.5204";"0.0055";"0.0167";"2.3515";"0.6198";"1.1518";"0.0367";"0.0075";"0.4848"
"n-652074";"Z_3";"2";"sum";"FALSE";"2";"0";"10";"log";"5000";"0";"0";"0";"0";"0";"0";"0";"0";"0";"0";"0";"0";"0";"0";"0";"0";"0";"0";"0";"0";"0";"0";"0";"0";"0";"0";"0";"0";"0";"0";"0"
"x-815652";"Z_4";"100";"sum";"TRUE";"100";"0.5";"1";"softplus";"5000";"0";"0";"1e-04";"0";"0";"0";"0";"0";"0";"0";"0";"0";"0";"0";"0.0146";"0";"0";"0";"0";"0";"0.6735";"0";"0";"0.2354";"0";"0";"0";"0.1653";"0";"0";"0"
"j-322633";"Z_1";"5";"sum";"FALSE";"5";"0.2";"0.5";"softplus";"5000";"0";"0";"0.3959";"0.8336";"0";"0";"0";"0";"0";"0";"0";"0";"0.7198";"0";"0";"0";"0";"0";"0";"0";"0";"0";"0";"0";"0";"0";"0";"0";"0";"0";"0"
"v-898412";"Z_5";"50";"sum";"TRUE";"50";"0";"0";"log";"5000";"0.7937";"0.401";"0.3725";"0.8464";"2.1806";"0.3732";"0.2979";"0.0949";"4.527";"0.8466";"0.1719";"1.5095";"0.087";"0.7837";"1.4481";"0.1861";"0.4304";"0.9128";"0.5706";"1.2529";"2.8962";"0.7448";"0.803";"0.9664";"3.0029";"0.2977";"1.0857";"1.042";"0.8853";"1.0984";"5.1384"
"k-513944";"Z_3";"100";"product";"TRUE";"100";"5";"5";"softplus";"5000";"0";"0";"0";"0";"0";"0";"0";"0";"0";"0";"0";"0";"0";"0";"0";"0";"0";"0";"0";"0";"0";"0";"0";"0";"0";"0";"0";"0";"0";"0";"0"
"y-734474";"Z_2";"100";"product";"TRUE";"100";"2";"0.5";"log";"5000";"0.3926";"0";"0";"0";"0";"0";"0.8308";"1e-04";"2e-04";"0";"0";"0";"0";"0";"0";"0.0012";"0";"0";"6e-04";"0.0202";"0";"0";"0";"0";"0";"0";"0";"0";"0.0044";"0";"2e-04"
"n-537199";"Z_2";"20";"sum";"FALSE";"20";"1";"0";"cubic";"5000";"0.0379";"0";"0";"0";"0";"0";"0";"0";"0.014";"0";"0";"0";"0";"0";"0";"0";"0";"0";"0";"0";"0";"0";"0";"0";"0";"1e-04";"0";"0";"0";"0";"0"
"s-313801";"Z_1";"50";"sum";"FALSE";"50";"0.5";"0.2";"softplus";"5000";"0";"0";"0";"2.3185";"0";"0";"0";"0";"0";"0";"0";"0";"0";"0";"0";"0";"0";"0";"0";"0";"0";"0";"0";"0";"0";"0";"0";"0";"0";"0";"0"
"v-194166";"Z_2";"10";"product";"FALSE";"10";"0.5";"0.2";"log";"5000";"0.8543";"0";"0";"0";"0";"0.1751";"2.5019";"1.4648";"1.2807";"0";"0";"0";"0";"0";"0";"1.8031";"1.0571";"1.2154";"0.7488";"1.6436";"0.6133";"0";"0";"0";"0";"0.9048";"0.496";"1.5977";"1.5573";"0";"2.6938"
"s-884600";"Z_4";"10";"product";"FALSE";"10";"5";"2";"cubic";"5000";"0";"0";"0.1328";"0.0012";"0.6699";"0";"0";"0.2214";"0.0132";"0.2501";"0";"1.1208";"2e-04";"1.5269";"0";"8e-04";"0";"0";"0";"0";"3.2141";"1e-04";"0.0094";"0";"0";"0";"0";"0.0783";"0.6398";"0";"0"
"u-978276";"Z_6";"10";"sum";"TRUE";"10";"10";"10";"log";"5000";"0";"0";"0";"0";"0";"0";"0";"0";"0";"0";"0";"0";"0";"0";"0";"0";"0";"0";"0";"0";"0";"0";"0";"0";"0";"0";"0";"0";"0";"0";"0"
"h-395015";"Z_2";"3";"product";"FALSE";"3";"2";"0.1";"square";"5000";"0";"0";"0";"0";"0";"0";"0";"0";"0";"0";"0";"0";"0";"0";"0";"0.1594";"0";"0";"0";"0";"0";"0";"0";"0";"0";"0.2506";"0";"0";"0";"0";"0"
"r-113048";"Z_4";"100";"product";"FALSE";"100";"5";"0.1";"log";"5000";"0";"0";"1.9833";"0";"0";"0";"3.8627";"0";"0";"0.2978";"0";"0";"1.7847";"0.2218";"0";"0.2626";"0";"0";"2.9428";"0.6687";"0";"1.0252";"2.1432";"0";"0.0683";"0.2221";"0.3203";"0";"0.2073";"0.4705";"2.3586"
"q-412503";"Z_6";"10";"sum";"FALSE";"10";"2";"10";"log";"5000";"0";"0";"0";"0";"0";"0";"0";"0";"0";"0";"0";"0";"0";"0";"0";"0";"0";"0";"0";"0";"0";"0";"0";"0";"0";"0";"0";"0";"0";"0";"0"
"v-649898";"Z_3";"5";"product";"FALSE";"5";"0.1";"0";"square";"5000";"0";"0";"0";"0";"0";"0.013";"0";"0";"0";"0";"0";"0";"0";"0";"0";"0.0467";"0.0783";"0.0619";"0";"0";"0";"0";"0";"0";"0";"0.0271";"1e-04";"0.0478";"0";"0";"0.0885"
"x-215105";"Z_5";"2";"sum";"FALSE";"2";"10";"5";"softplus";"5000";"1.6084";"2.8883";"1.2502";"2.0889";"0.0037";"0.8838";"1.9323";"1.0152";"0.389";"1.4974";"2.7268";"2e-04";"3.0466";"7e-04";"1.4177";"0.8888";"1.0716";"4e-04";"2.6812";"0.7991";"0.0021";"1.647";"0.1958";"0.0138";"5e-04";"0.2998";"2e-04";"0";"1.9348";"1.3987";"0"
"o-277546";"Z_3";"2";"product";"FALSE";"2";"1";"2";"softplus";"5000";"0";"0";"0";"0";"0";"0";"0";"0";"0";"0";"0";"0";"0";"0";"0";"0";"0";"0";"0";"0";"0";"0";"0";"0";"0";"0";"0";"0";"0";"0";"0"
"n-918424";"Z_6";"5";"product";"FALSE";"5";"2";"5";"square";"5000";"0";"0";"0";"0";"0";"0";"0";"0";"0";"0";"0";"0";"0";"0";"0";"0";"0";"0";"0";"0";"0";"0";"0";"0";"0";"0";"0";"0";"0";"0";"0"
"m-254229";"Z_2";"2";"sum";"FALSE";"2";"5";"0.5";"log";"5000";"2.4327";"0";"0";"0";"0";"0.3773";"0.001";"1e-04";"0";"0";"0";"0";"0";"0";"0";"0";"1e-04";"0.0122";"0.3284";"1e-04";"0";"0";"0";"0";"0";"0";"0.0332";"1e-04";"0.1758";"0";"0"
"p-194839";"Z_2";"50";"product";"FALSE";"50";"2";"1";"softplus";"5000";"0";"0";"0";"0";"0";"0";"0";"0.0047";"1e-04";"0";"0";"0";"0";"0";"0";"0";"0";"0";"0";"0";"0";"0";"0";"0";"0";"0";"0";"0";"0";"0";"0"
"r-577838";"Z_2";"100";"product";"FALSE";"100";"2";"0";"softplus";"5000";"0";"0";"0";"0";"0";"0";"0";"0.0068";"0";"0";"0";"0";"0";"0";"0";"0";"0";"0";"0";"0";"0";"0";"0";"0";"0";"0";"0";"0";"0";"0";"0"
"f-244969";"Z_3";"5";"product";"TRUE";"5";"0.1";"2";"cubic";"5000";"0";"0";"0";"0";"0";"0.0011";"0";"0";"0";"7e-04";"0";"0";"0";"0";"0";"0.0011";"0";"0.0037";"0";"0";"0";"0";"0";"0";"0";"0";"0.001";"0";"0";"0";"0"
"i-228120";"Z_3";"3";"sum";"TRUE";"3";"2";"2";"cubic";"2000";"0";"0.0426";"0.0022";"0";"0.0022";"0.0426";"0";"0";"0";"0";"0";"0.6335";"0";"0.0022";"0";"0";"0";"0";"0";"0.0054";"0.0071";"0.1676";"0.0193";"0";"2e-04";"0.0494";"3e-04";"0";"0.0224";"0";"0"
"o-328112";"Z_4";"20";"sum";"FALSE";"20";"10";"0.2";"log";"2000";"0";"0";"0.0021";"0";"0";"0";"0.0191";"0";"0";"0.3714";"0";"0";"0.7259";"1.2699";"0";"1.4422";"0";"0";"0.644";"2.6161";"0";"0.0571";"1.9465";"0";"4.4143";"0.6747";"2.4522";"0";"0.5639";"2.5254";"2.4852"
"w-513524";"Z_4";"50";"product";"TRUE";"50";"0";"0.1";"square";"2000";"1.5769";"1.5445";"0.9331";"0.9473";"1.3215";"0.79";"0.8943";"1.3204";"0.8521";"1.9863";"0.8568";"1.609";"1.5624";"0.9473";"0.3162";"2.2531";"3.2982";"0.9107";"2.0369";"1.7827";"4.1787";"1.5283";"2.0024";"2.0024";"1.5139";"1.4096";"1.5139";"1.0349";"1.3095";"0.8877";"1.8548"
"z-569883";"Z_1";"3";"product";"TRUE";"3";"0.5";"5";"square";"2000";"8e-04";"1.5445";"0.7058";"2.1069";"0.9301";"0";"0.0039";"0.0085";"0";"2.0585";"1.1833";"1.1528";"1.0507";"0.9226";"1.1414";"0";"0";"0";"0.0015";"5e-04";"0.0013";"3.1226";"0.5734";"1.5405";"1.0505";"0";"0";"0";"0.0066";"1.1818";"0"
"w-819036";"Z_1";"2";"sum";"TRUE";"2";"10";"10";"cubic";"2000";"0.336";"1.0609";"0.1964";"0.0814";"0.3388";"0.5449";"0.0434";"0.0422";"0.1473";"0.337";"0.5552";"0.2545";"0.1957";"1.3057";"0.5472";"0.2546";"0.1123";"0.6997";"0.1459";"0.0307";"0.1942";"0.4189";"0.4261";"0.3346";"0.148";"0.1972";"0.1969";"0.2616";"0.0426";"0.4245";"0.0598"
"q-313192";"Z_5";"5";"sum";"FALSE";"5";"2";"2";"log";"2000";"2.5693";"1.2578";"2.5693";"2.4616";"0";"1.7919";"1.7659";"2.5693";"0";"1.8753";"1.255";"0";"2.2537";"0";"0";"3.3863";"1.2797";"0";"3.4642";"0";"0";"1.4821";"0";"0";"0";"2.1354";"0";"0";"0";"0";"0"
"b-219634";"Z_3";"10";"sum";"FALSE";"10";"10";"2";"square";"2000";"0";"0";"0";"0";"0";"0";"0";"0";"0";"0";"0";"0";"0";"0";"0";"0";"0";"0";"0";"0";"0";"0";"0";"0";"0";"0";"0";"0";"0";"0";"0"
"a-855160";"Z_3";"100";"product";"FALSE";"100";"5";"10";"log";"2000";"0";"0";"0";"0";"0";"0";"0";"0";"0";"0";"0";"0";"0";"0";"0";"0";"0";"0";"0";"0";"0";"0";"0";"0";"0";"0";"0";"0";"0";"0";"0"
"v-516053";"Z_2";"5";"product";"TRUE";"5";"10";"1";"softplus";"2000";"1.2596";"0.0068";"0";"0";"0";"0";"0.0227";"0.0013";"7.045";"0.0037";"3e-04";"5e-04";"0";"0";"0.0063";"2.4956";"1.1348";"0.0184";"0.0371";"7.2379";"4.1377";"4e-04";"0.011";"0.0022";"0";"4.1612";"0.6634";"0.0435";"3.7895";"0.0026";"4.1052"
"z-625937";"Z_1";"3";"product";"FALSE";"3";"0.1";"1";"cubic";"2000";"0.1918";"1.7152";"1.1743";"0.9824";"2.7998";"0.0331";"0.1663";"0.5435";"0.1011";"1.7615";"1.2133";"1.6435";"1.7825";"1.851";"3.3321";"0.2037";"0.5321";"0.184";"1.3327";"0.141";"0.604";"0.78";"2.9125";"1.6295";"3.4594";"0.4502";"0.4733";"1.6787";"1.247";"1.4633";"1.7176"
"g-693184";"Z_4";"3";"product";"TRUE";"3";"0";"0.1";"cubic";"2000";"0.5768";"0.6002";"0.3889";"1.2226";"2.5916";"0.3889";"5.032";"0.5551";"0.2991";"0.7359";"0.3889";"1.4224";"0.6002";"0.1926";"1.1613";"1.6476";"0.4439";"2.5916";"2.452";"0.3889";"1.1177";"4.5956";"2.1528";"1.8899";"0.6002";"1.3637";"2.428";"2.5916";"1.9971";"5.032";"3.852"
"v-593440";"Z_6";"50";"product";"TRUE";"50";"0";"5";"softplus";"2000";"0";"0";"0";"0";"0";"0";"0";"0";"0";"0";"0";"0";"0";"0";"0";"0";"0";"0";"0";"0";"0";"0";"1e-04";"0";"0.2648";"0";"0";"0";"1e-04";"0.0199";"0"
"w-777454";"Z_3";"20";"product";"FALSE";"20";"2";"10";"cubic";"2000";"0";"0";"0";"0";"0";"0";"0";"0";"0";"0";"0";"0";"0";"0";"0";"0";"0";"0";"0";"0";"0";"0";"0";"0";"0";"0";"0";"0";"0";"0";"0"
"n-128325";"Z_3";"100";"sum";"FALSE";"100";"2";"0.1";"square";"2000";"0";"0";"0";"0";"0";"0";"0";"0";"0";"0";"0";"0";"0";"0";"0";"0";"0";"0";"0";"0";"0";"0";"0";"0";"0";"0";"0";"0";"0";"0";"0"
"i-486657";"Z_1";"5";"product";"FALSE";"5";"0";"1";"log";"2000";"0";"0";"0.1353";"1.9813";"0.068";"0.0179";"0";"0";"0";"0";"0";"0";"0.6661";"1.9342";"0";"6e-04";"0.0045";"0";"0";"0";"0";"0";"0";"0";"0";"5e-04";"0.0151";"0.1731";"0";"0";"0"
"o-656058";"Z_2";"100";"sum";"TRUE";"100";"1";"2";"cubic";"2000";"0";"0";"0";"0";"0";"0";"0";"0";"8e-04";"0";"0";"0";"0";"0";"0";"0";"0";"0";"0";"0";"1e-04";"0";"0";"0";"0";"0";"0";"0";"0.0014";"0";"0"
"u-729770";"Z_5";"10";"sum";"FALSE";"10";"1";"0.1";"softplus";"2000";"0.1741";"0.598";"0.2425";"0.7748";"0";"0.4456";"0.061";"0.0887";"0";"0.3338";"1.9896";"0";"1.0081";"0";"0";"0.1754";"0.9966";"0";"0.0896";"0";"0";"0.4535";"0";"0";"0";"0.7849";"0";"0";"0";"0";"0"
"s-769059";"Z_1";"10";"product";"TRUE";"10";"0.1";"2";"cubic";"2000";"3.6665";"0.7143";"0.7101";"1.0677";"0.5571";"1.0662";"1.5449";"0.9666";"1.9467";"0.7872";"0.3141";"0.5554";"0.2221";"0.7859";"0.196";"1.9784";"1.9937";"1.1496";"1.4116";"0.7097";"0.8907";"0.7869";"0.5571";"0.1641";"0.5144";"0.1695";"1.6876";"0.9301";"1.0599";"0.1606";"1.0931"
"a-133793";"Z_4";"2";"sum";"TRUE";"2";"0.2";"0.1";"softplus";"2000";"0.3002";"0.0406";"1.3515";"1.1603";"0.376";"0.9489";"2.8226";"3.4245";"1.6077";"1.3346";"3.0411";"0.993";"1.2235";"2.6032";"0.279";"2.8213";"0.3785";"0.4582";"0.931";"2.1569";"0.489";"3.0361";"2.0462";"2.0655";"0.9953";"0.2445";"2.3617";"0.0883";"1.6694";"1.5754";"0.9433"
"p-554854";"Z_2";"100";"sum";"TRUE";"100";"0.5";"0.2";"log";"2000";"2.7565";"0.0325";"1e-04";"0.3779";"2.7791";"0.3203";"1.2787";"3.1022";"2.196";"0.0574";"0.0574";"0.0574";"8e-04";"3e-04";"0.0182";"0.1272";"0.3194";"0.0188";"1.9309";"3.2316";"0.3285";"0.1108";"0.0653";"0.0098";"0.0851";"0.0327";"0.11";"0.11";"0.6064";"0.228";"0.0055"
"b-667379";"Z_1";"3";"sum";"TRUE";"3";"0.5";"1";"cubic";"2000";"0.0063";"0.7241";"0.7575";"1.9943";"1.419";"0.0304";"0.012";"0.0075";"0.0021";"0.9069";"0.561";"0.3005";"0.155";"0.5333";"0.2412";"0.0196";"0.018";"0.024";"0.1524";"0.0244";"0.0441";"0.5085";"0.5432";"0.3792";"0.3645";"0.0665";"0.0216";"0.0124";"0.008";"0.1866";"0.0962"
"q-104253";"Z_4";"10";"product";"TRUE";"10";"10";"1";"square";"2000";"0";"0";"0";"0";"0";"0";"0";"0";"0";"0";"0";"0";"0";"0";"0";"0";"0";"0";"0";"0";"0";"0";"0";"0";"0";"0";"0";"0";"0";"0";"0"
"e-775762";"Z_2";"2";"product";"TRUE";"2";"10";"2";"softplus";"2000";"0.0019";"0.0516";"0";"0";"0";"3.1992";"0.2069";"0.0707";"0.2165";"0";"0";"0";"0";"0";"0";"0";"0";"0.0866";"0";"0";"0";"0";"0";"0";"0.0149";"1.2946";"0.1321";"0.354";"0.0058";"0.559";"1.1018"
"a-699243";"Z_1";"3";"product";"FALSE";"3";"5";"0.2";"cubic";"2000";"0.0231";"0.6278";"0.9856";"0.2291";"0.6098";"0.0157";"0.0103";"0.0358";"0.0229";"0.4595";"0.354";"0.1774";"0.2424";"0.3445";"0.63";"0.0442";"0.2702";"0.0918";"0.0104";"0.0515";"0.1136";"0.7807";"0.2471";"0.7771";"0.3591";"0.1176";"0.0768";"0.135";"0.0119";"0.1455";"0.1802"
"l-489862";"Z_1";"20";"product";"TRUE";"20";"1";"0.2";"log";"2000";"0";"0";"1e-04";"1.3007";"0.0601";"0";"7e-04";"0";"0";"0";"0";"0";"0";"0.0246";"0";"0";"0";"0";"1e-04";"0";"0";"0";"0";"0";"0";"0";"0";"0";"0";"0";"0"
"d-204379";"Z_3";"100";"sum";"TRUE";"100";"0.2";"0.2";"square";"2000";"0.5296";"0.3331";"2.8864";"0.5152";"2.2334";"2.397";"4.8726";"3.7736";"1.7879";"2.4656";"1.2723";"1.9735";"3.1958";"3.1022";"0.7261";"0.8781";"3.7902";"1.4747";"2.5425";"5.102";"0.4528";"1.9954";"1.6594";"1.3535";"0.5188";"4.2587";"1.5263";"0.1565";"0.2873";"0.2799";"1.2396"
"z-700137";"Z_6";"20";"sum";"FALSE";"20";"2";"2";"square";"2000";"0";"0";"0";"0";"0";"0";"0";"0";"0";"0";"0";"0";"0";"0";"0";"0";"0";"0";"0";"0";"0";"0";"0";"0";"2e-04";"0.0042";"0.0018";"0";"0";"0.0069";"0.008"
"g-972552";"Z_3";"3";"sum";"TRUE";"3";"0.1";"0.2";"square";"2000";"0.2977";"0.7209";"0.5261";"0.3604";"0.2891";"0.2223";"0.5623";"0.6473";"0.4196";"0.4563";"0.4129";"0.6761";"0.7263";"0.3942";"0.8331";"0.3147";"0.2054";"0.2349";"0.3966";"0.1917";"0.3143";"1.029";"0.4327";"0.4994";"0.3177";"0.1909";"0.1319";"0.4492";"0.4726";"0.2551";"0.5907"
"c-648988";"Z_3";"20";"product";"TRUE";"20";"0";"5";"softplus";"2000";"0";"0";"0";"0";"0";"0";"0";"0";"0";"0";"0";"0";"0";"0";"0";"0";"0";"0";"0";"0";"0";"0";"0";"1e-04";"0";"0";"0";"0";"2e-04";"0.0016";"0"
"b-735904";"Z_4";"100";"product";"TRUE";"100";"5";"1";"softplus";"2000";"0";"0";"0";"0";"0";"0";"0";"0";"0";"0";"0";"0";"0";"0";"0";"0";"0";"0";"0";"0";"0";"0";"0";"0";"0";"0";"0";"0";"0";"0";"0"
"a-795552";"Z_3";"10";"product";"FALSE";"10";"10";"0.5";"cubic";"2000";"1e-04";"0";"7e-04";"0.1132";"0.0072";"7e-04";"7e-04";"7e-04";"7e-04";"0";"1e-04";"0";"7e-04";"7e-04";"7e-04";"0";"0";"1.7213";"1.132";"0.056";"0.0072";"2.0631";"0.1749";"0";"7e-04";"0.0605";"0.0218";"0.3625";"0.0072";"0.9652";"0.301"
"k-873410";"Z_4";"50";"sum";"FALSE";"50";"2";"10";"square";"2000";"0";"0.1502";"0";"0.0311";"0.1707";"0.9309";"0";"2.9301";"0.0772";"3e-04";"0";"0.162";"3.0803";"9e-04";"3.381";"1e-04";"0";"0.0623";"0.0153";"0";"0.3784";"0";"0.3212";"0";"1.7435";"0";"0";"0";"0.1775";"0.0011";"0.0028"
"q-712854";"Z_1";"20";"sum";"FALSE";"20";"0.5";"0";"cubic";"2000";"0";"1.025";"4.5163";"3.493";"5.5634";"0";"0";"0";"0";"0.7326";"3.8109";"2.4711";"2.7254";"2.8074";"3.85";"0";"0";"0";"0";"0";"0";"2.4189";"0.8577";"0.6931";"3.9854";"0";"0";"0";"0";"1.5338";"0"
"r-432988";"Z_2";"10";"product";"TRUE";"10";"0";"0.5";"log";"2000";"1.745";"0.8388";"0.0071";"1.3564";"0.7857";"1.7414";"2.2976";"2.6175";"2.6317";"0.2535";"0.6162";"0.5839";"0.0157";"0.0161";"0.0768";"1.9129";"2.3001";"2.009";"1.7395";"1.7467";"1.5093";"1.0538";"0.7461";"1.5105";"0.1834";"1.3003";"2.462";"0.4576";"2.6164";"2.3673";"1.1004"
"p-564208";"Z_2";"100";"sum";"FALSE";"100";"10";"0.2";"softplus";"2000";"0.5326";"0";"0";"0";"0";"0.0066";"0.5946";"0.0324";"0.0635";"0";"0";"0";"0";"0";"0";"0.016";"0.0338";"0.0038";"0.0404";"0.3002";"1e-04";"0";"0";"0";"0";"3e-04";"0.001";"0";"0";"0";"0.0157"
"h-725278";"Z_6";"2";"sum";"TRUE";"2";"1";"0";"softplus";"2000";"1.0511";"1.5694";"0.9882";"1.0753";"0.998";"0.8944";"2.7563";"2.2285";"0.9538";"0.5995";"2.7825";"1.1717";"1.6579";"2.453";"0.3907";"0.7948";"0.2799";"1.1549";"1.0865";"3.313";"2.0158";"1.7681";"1.3536";"1.888";"2.0375";"0.1901";"1.3798";"1.5917";"1.3923";"0.8306";"0.1871"
"c-716875";"Z_5";"100";"product";"TRUE";"100";"0.1";"1";"square";"2000";"1.4594";"1.4621";"2.1357";"2.6438";"2e-04";"1.9226";"1.5744";"0.8169";"0.0011";"1.4618";"1.6661";"0";"2.038";"0.0011";"0.0158";"3.9558";"3.1228";"0";"1.0837";"0.2594";"0.0036";"2.8549";"0.0077";"0.0035";"0.739";"1.4906";"4e-04";"3e-04";"0.2489";"1.6316";"0.0304"
"o-627273";"Z_5";"20";"sum";"FALSE";"20";"0.1";"10";"square";"2000";"1.5985";"0.5242";"1.8094";"0.5547";"0.4994";"2.0871";"1.9475";"1.4734";"1.4438";"0.5225";"0.5225";"1.3274";"1.6582";"0.1034";"0.5745";"1.2472";"0.6597";"0.5037";"0.7154";"2.4333";"0.7653";"1.5279";"1.4038";"0.0565";"1.0986";"0.2389";"0.9452";"1.1163";"0.6492";"1.3592";"1.9475"
"t-441053";"Z_5";"50";"sum";"FALSE";"50";"0.5";"5";"log";"2000";"0.7046";"0.8135";"0.963";"3.3066";"1.4635";"1.9055";"0.0492";"1.5872";"2.4541";"1.4635";"0.24";"0.2416";"1.357";"0.5299";"0.6456";"0.42";"0.2296";"2.7552";"0.1298";"0.035";"1.3159";"1.8373";"1.7791";"0.1025";"3.0627";"1.135";"1.1286";"0.6603";"0.6752";"1.8792";"0.7516"
"x-371715";"Z_4";"5";"product";"TRUE";"5";"0.1";"5";"softplus";"2000";"0";"0";"0";"0";"0";"0";"0";"0";"0";"0";"0";"0";"0";"0";"0";"0";"0";"0";"0";"0.0071";"0";"0";"0";"0";"0";"0";"0";"0";"1e-04";"0.0046";"0.2211"
"k-587411";"Z_5";"100";"product";"FALSE";"100";"10";"5";"square";"2000";"1.2226";"0.2921";"0.9433";"1.702";"0.0015";"4.3108";"1.5393";"1.6774";"2e-04";"2.3429";"0.1503";"1e-04";"1.2806";"0";"0";"1.7028";"3.6761";"1e-04";"1.8813";"0";"0";"0.0245";"8e-04";"0";"0";"2.1194";"0";"2e-04";"1e-04";"4e-04";"0"
"o-273277";"Z_5";"5";"product";"TRUE";"5";"0.1";"5";"softplus";"2000";"2.7334";"2.0433";"3.0564";"1.8629";"0.0824";"2.5008";"3.3548";"1.7709";"0.1948";"1.7709";"1.4435";"0.1855";"1.8614";"0.012";"0.0768";"2.0535";"4.1586";"0.0464";"2.1586";"0.0402";"0.1274";"3.8707";"0.1193";"0.1204";"0.0028";"3.3547";"0.0594";"0.1491";"0.2289";"0.1502";"0.0611"
"c-788297";"Z_4";"5";"sum";"FALSE";"5";"5";"5";"square";"2000";"0";"0";"0";"0";"0";"0";"0";"0";"0";"0";"0";"0";"0";"0";"0";"0";"0";"0";"0";"0";"0";"0";"0";"0";"0";"0";"0";"0";"0";"0";"0"
"y-221290";"Z_4";"50";"sum";"TRUE";"50";"0.2";"0.5";"log";"2000";"0.421";"0.0083";"0.1388";"0.4299";"0.0227";"0.0078";"0.0132";"0.1459";"1.1621";"0.1748";"0.0196";"0.0441";"0.5059";"0.7334";"2e-04";"0.1832";"0.0896";"0.2228";"0.5786";"0.6481";"0.0299";"0.2227";"0.6913";"0.0018";"0.6081";"0.3673";"0.1639";"0.0299";"0.1211";"0.4612";"1.0773"
"c-105110";"Z_4";"2";"product";"FALSE";"2";"0.2";"0.1";"cubic";"2000";"2.1866";"2.6318";"1.7216";"1.5121";"1.024";"3.2755";"3.871";"1.7367";"2.3616";"3.1197";"1.0481";"0.3963";"6.7446";"1.4103";"0.447";"2.4961";"0.1596";"1.3273";"0.3562";"2.3081";"2.3219";"1.1118";"7.2151";"1.2922";"7.6212";"2.0031";"1.6194";"2.8927";"5.0228";"1.4103";"1.2403"
"l-179514";"Z_4";"10";"sum";"FALSE";"10";"0.5";"0.1";"square";"2000";"0.0225";"0.1458";"0.0103";"0.1721";"9e-04";"0.1874";"0.2241";"0.0831";"0.009";"0.0645";"0.0936";"0.0035";"0.1052";"0.0718";"0";"0.0161";"0.2734";"0.0667";"0.0027";"0";"0.0866";"0.1528";"0.1236";"0.0708";"0.0012";"0.1487";"0";"7e-04";"3e-04";"0.3655";"0.0028"
"x-361834";"Z_6";"100";"sum";"FALSE";"100";"0.5";"0.2";"square";"2000";"2.8428";"1.7243";"0.2049";"1.5693";"2.3459";"4.718";"3.2841";"4.0945";"1.1149";"1.5824";"2.0441";"1.4252";"0.7669";"2.6058";"0.7564";"3.6567";"0.2397";"1.658";"3.1525";"1.0577";"1.4592";"2.8004";"0.4792";"1.4474";"0.0104";"1.6995";"0.4565";"0.9888";"1.3152";"0.2693";"1.3833"
"b-823904";"Z_5";"20";"product";"TRUE";"20";"0.2";"1";"log";"2000";"0.0834";"0.248";"0.4258";"0.0628";"0.0061";"0.0463";"0.0552";"0.0573";"0";"0.0043";"0.469";"0";"0.0447";"0";"0";"0.0656";"0.0303";"0";"0.0656";"0";"0";"0.2595";"0";"0";"0";"0.0372";"0";"0";"0";"0";"0"
"q-123907";"Z_1";"5";"sum";"FALSE";"5";"2";"2";"softplus";"2000";"0";"5.4214";"0.335";"3.6053";"0.0415";"0";"0";"0";"0";"0.1211";"0.8345";"0.0737";"1.1337";"1.5202";"0.8558";"0";"0";"0";"0";"0";"0";"0.0966";"1.8317";"2.3662";"0.5696";"0";"0";"0";"0";"0.0123";"0"
"y-191785";"Z_1";"3";"product";"TRUE";"3";"5";"0.1";"cubic";"500";"0.5795";"1.9383";"0.5689";"2.9041";"3.1527";"0.7906";"1.9716";"1.9573";"1.4664";"1.0822";"1.9382";"2.5149";"1.7942";"3.9768";"1.9716";"0.5297";"1.1083";"0.8673";"1.4664";"0.8773";"0.0307";"1.4708";"2.0273";"1.4746";"1.2779";"0.6379";"0.2284";"0.2818";"1.1051";"1.9898";"0.5315"
"q-834881";"Z_2";"50";"product";"FALSE";"50";"1";"2";"softplus";"500";"0.807";"0";"0";"0";"0";"0.0196";"0.1769";"0.0657";"0.6349";"0";"0";"0";"0";"0";"0";"0.0192";"0.009";"0.0786";"0.1332";"0.1204";"0.0905";"0";"0";"0";"0";"0.0316";"0.003";"0.2669";"6e-04";"0";"0.0084"
"v-634451";"Z_4";"20";"product";"FALSE";"20";"10";"0.5";"log";"500";"0";"0";"5.0599";"0";"0.0596";"0";"0.5812";"0";"0.0124";"3.0985";"0";"0";"0.1534";"1.2797";"4e-04";"2.3862";"0";"0.0018";"1.4331";"2.2557";"0.001";"0.769";"0.6346";"0.0038";"1.4313";"2.8651";"1.7045";"0.0025";"5.7937";"1.8903";"1.3374"
"t-711087";"Z_6";"5";"sum";"TRUE";"5";"5";"0.2";"square";"500";"0";"0";"0";"0";"0";"0";"0";"0";"0";"0";"3e-04";"9e-04";"0";"0";"0.0055";"0";"0";"0";"0";"0.0864";"0.1138";"0";"0.022";"0.4607";"0";"0";"0";"0";"0";"0.0019";"0"
"e-411111";"Z_6";"3";"sum";"FALSE";"3";"1";"10";"cubic";"500";"4.954";"1.4833";"3.2383";"9";"6.1794";"1.2171";"1.7641";"2.2736";"2.5316";"5.8736";"3.911";"1.7641";"4.9623";"0.514";"2.4676";"2.1427";"4.2874";"1.2171";"0.6479";"0.3751";"4.9338";"3.3965";"1.2171";"3.3865";"1.2502";"6.7048";"4.9352";"1.4185";"1.7641";"0.63";"9"
"v-125150";"Z_2";"10";"product";"FALSE";"10";"10";"2";"softplus";"500";"0.0091";"0";"0";"0";"0";"0";"1.2239";"1.537";"0.0083";"0";"0";"0";"0";"0";"0";"0.0301";"0.0292";"0.0297";"0.0571";"0.2546";"0.0089";"0";"0";"0";"0";"0.0018";"0.003";"0.6044";"0.001";"0";"0.4076"
"p-975500";"Z_4";"20";"product";"FALSE";"20";"0.2";"10";"log";"500";"0";"0";"0.3919";"0";"0";"0";"0.4795";"0";"0";"0.2757";"0";"0";"3.3081";"7.6443";"0";"0.4338";"0";"0";"0.705";"2.2774";"0";"1.6456";"3.0956";"2e-04";"1.1202";"0.7612";"5.6114";"0";"1.3874";"0.4715";"0.2898"
"h-762645";"Z_5";"50";"product";"TRUE";"50";"2";"2";"square";"500";"1.5002";"0.2898";"0.1377";"2.0342";"0";"3.4719";"0.9205";"0.4203";"0.2164";"0.5167";"4.6822";"1.728";"0.3907";"2e-04";"0.5605";"0.6246";"5.9707";"0.0449";"4.6822";"0.0027";"0.1714";"2.1141";"0.0182";"0.0909";"2.8348";"3.4497";"2e-04";"0.1254";"0.0132";"1.1223";"0.0978"
"u-426578";"Z_2";"2";"sum";"TRUE";"2";"2";"2";"square";"500";"0.0824";"0";"0";"0";"0";"0.0021";"0";"0.5107";"0.0013";"0";"0";"0";"0";"0";"0";"0.2434";"0.0093";"6e-04";"0";"0";"0.003";"0";"0";"0";"0";"0";"1e-04";"0";"0";"0";"5e-04"
"b-126145";"Z_2";"10";"product";"TRUE";"10";"0";"10";"square";"500";"0.0052";"0";"0";"0";"0";"0";"1e-04";"0.0045";"0";"0";"0";"0";"0";"0";"0";"0.0045";"0";"0.0045";"0";"0";"0.001";"0";"0";"0";"0";"0";"0.4404";"0.001";"0";"0";"0"
"i-184072";"Z_4";"100";"product";"TRUE";"100";"1";"2";"softplus";"500";"0";"0";"0.9952";"0";"0.002";"0";"0.0135";"0";"0";"0.031";"0";"0.1169";"0";"0.0657";"0.1172";"0.0484";"0";"0.0339";"0";"1.7877";"4e-04";"1.982";"2e-04";"0.6677";"0";"0.0021";"3e-04";"0.0121";"6e-04";"4e-04";"0"
"t-301997";"Z_6";"10";"sum";"FALSE";"10";"2";"1";"softplus";"500";"0";"0";"0";"0";"0";"0";"0";"0";"0";"0";"0";"0";"0";"0.0403";"0";"0";"0";"0";"0";"0.0031";"0";"0";"0.3012";"0";"8e-04";"0";"1.0828";"0";"0.0148";"0.0183";"0"
"z-241192";"Z_4";"10";"sum";"TRUE";"10";"0.2";"5";"cubic";"500";"0.0206";"0.0121";"0.1083";"0.2008";"1.1016";"0";"0";"1.188";"0.0199";"0.4199";"0";"0.1913";"0";"1.188";"0";"0.095";"0";"5.3464";"0.0025";"0.3262";"0.3653";"1.188";"1.188";"4.9868";"1.188";"0.0026";"0.1418";"7e-04";"0.0011";"0";"0.0847"
"w-524800";"Z_3";"10";"sum";"FALSE";"10";"2";"0.1";"cubic";"500";"0";"7e-04";"0.8363";"0";"9";"0";"3.214";"0";"0";"0.0245";"0";"2e-04";"0.1085";"0.3738";"0.0058";"0.7651";"0";"0";"0.493";"3.0234";"0";"0";"2.8467";"0";"0";"0";"0";"0";"0";"4.5014";"0.019"
"t-715707";"Z_6";"5";"product";"TRUE";"5";"5";"5";"square";"500";"0";"0";"0";"0";"0";"0";"0";"0";"0";"0";"0";"0";"0";"0";"0";"0";"0";"0";"0";"0";"0";"0";"0";"0";"0";"0";"0";"0";"0";"0";"0"
"e-886190";"Z_4";"100";"product";"FALSE";"100";"0.1";"0.1";"softplus";"500";"0";"0.0133";"0.1981";"3e-04";"0.2883";"0";"0.7309";"0";"0.0616";"0.6244";"0.0246";"0.2017";"0.2013";"0.4198";"0.3133";"0.3912";"2e-04";"0.5461";"0.9807";"2.7218";"0.4016";"1.2697";"1.3939";"0.0528";"2.0595";"0.1412";"0.9732";"0.0628";"0.1028";"0.6005";"1.6372"
"s-402566";"Z_6";"100";"sum";"FALSE";"100";"2";"0";"softplus";"500";"0";"0";"0";"0";"1e-04";"0";"0";"0";"8e-04";"0";"0";"0.0032";"0";"0.0045";"0";"0";"0";"1e-04";"0";"0.0023";"0";"0";"0.1073";"0";"0.0418";"0";"0.0616";"0";"0.0246";"0.0818";"0.0205"
"o-539074";"Z_5";"2";"sum";"TRUE";"2";"1";"0.2";"square";"500";"0.5237";"0.314";"1.2239";"0.67";"1.3229";"1.0701";"1.5862";"0.4";"1.6296";"2.7978";"0.678";"0.1709";"0.5172";"0.6665";"0.8434";"1.0801";"0.5025";"0.5164";"1.3345";"0.9821";"2.3484";"1.944";"0.3955";"0.4093";"0.6713";"0.4035";"1.7657";"0.1711";"0.0662";"1.0539";"0.1778"
"c-266680";"Z_6";"10";"sum";"FALSE";"10";"0.5";"0.1";"cubic";"500";"0.318";"0.4122";"0.4122";"3.1839";"0";"0";"0";"0.4351";"0";"0.4122";"0.0308";"0.3347";"4.5277";"0";"0.0675";"6e-04";"0.7781";"0";"0.0477";"0.024";"8.2892";"2.7142";"0.0067";"0";"0";"0";"0";"0";"0.3015";"0";"0"
"y-195960";"Z_6";"5";"product";"TRUE";"5";"0.2";"0";"log";"500";"3.3106";"3.3616";"3.9475";"9";"0.4821";"3.9005";"3.5623";"3.5126";"2.0167";"3.5126";"3.1554";"2.0417";"9";"3.145";"4.517";"4.0406";"3.8055";"0.0682";"9";"1.4168";"5.6119";"9";"3.2908";"9";"3.3081";"3.4626";"1.1202";"1.1119";"0.4259";"3.2737";"1.9564"
"n-621130";"Z_1";"50";"product";"FALSE";"50";"0.5";"1";"softplus";"500";"0.9492";"0.0479";"2.9138";"3.7046";"1.4823";"4e-04";"1.1234";"3.8477";"0.6349";"0.0273";"0.1972";"0.0707";"2.9108";"1.9801";"1.0563";"0.0047";"4e-04";"7e-04";"0.9135";"0.3132";"0.018";"0.0273";"0.023";"0.428";"0.3191";"0.0025";"3e-04";"0.0044";"0.0181";"0.114";"2e-04"
"c-704596";"Z_2";"100";"sum";"TRUE";"100";"0";"2";"cubic";"500";"0";"0";"0";"0";"0";"0";"0";"0";"0";"0";"0";"0";"0";"0";"0";"1e-04";"0";"0";"0";"0";"0";"0";"0";"0";"0";"0";"0";"0";"0";"0";"0"
"h-705454";"Z_5";"100";"product";"TRUE";"100";"2";"0.2";"softplus";"500";"0.6066";"0.4113";"0.122";"0.4192";"0.0018";"0.2804";"0.1833";"0.122";"0.0106";"0.6089";"0.3857";"0.0262";"0.1844";"1.1396";"0";"0.4117";"0.9844";"1e-04";"0.4113";"1.363";"1e-04";"0.4113";"0.4113";"1e-04";"0.3564";"0.2759";"0.3852";"0";"0.0807";"0.2635";"0.7065"
"l-787149";"Z_6";"2";"product";"TRUE";"2";"0.2";"5";"square";"500";"0.0109";"6.3604";"4.1996";"0.1962";"0.4752";"0";"3e-04";"1e-04";"0.0171";"0.7455";"0.1839";"0.005";"4.4047";"0.0074";"0";"0.0044";"5.7148";"0.2166";"4.8667";"2e-04";"0";"0.0799";"0.0024";"0.7895";"0.9262";"0.1149";"6.3026";"0.0535";"2.1893";"0.2599";"5.9867"
"p-830757";"Z_4";"10";"product";"TRUE";"10";"1";"1";"log";"500";"0";"0";"2.3413";"0";"0.6864";"2e-04";"1.4293";"0";"0.0982";"3.3722";"0";"0";"1.1169";"3.6229";"0.0076";"3.9174";"1e-04";"0.1979";"1.9466";"2.2219";"0.0562";"0.2129";"3.383";"0.002";"6.1077";"0.2226";"1.1565";"2.3658";"2.0266";"3.7704";"0.2842"
"x-907894";"Z_2";"20";"sum";"FALSE";"20";"2";"0.5";"square";"500";"0.0137";"0";"0";"0";"0";"0.0027";"0.0292";"0.386";"0.002";"0";"0";"0";"0";"0";"0";"0.0129";"0.0129";"0.0059";"1.1559";"0.2517";"0.0608";"0";"0";"0";"0";"0.1772";"0.0368";"0.0226";"0.0587";"1e-04";"0.0043"
"r-467994";"Z_2";"5";"product";"FALSE";"5";"5";"0.1";"softplus";"500";"0.4048";"3e-04";"0";"0";"0";"0";"0.6568";"0.7375";"0.0474";"3e-04";"0";"0.0023";"0.0033";"0";"0";"3e-04";"1e-04";"0.0025";"0.2728";"0.0146";"0";"0.0031";"0.0044";"0.0051";"0";"0.007";"9e-04";"1e-04";"0.0019";"0.002";"1e-04"
"j-896222";"Z_2";"50";"product";"FALSE";"50";"10";"10";"square";"500";"0.011";"4e-04";"0";"0";"0";"4e-04";"0.011";"0";"0.011";"4e-04";"0";"0";"0";"0";"0";"0.001";"1.7564";"0";"0.0012";"1e-04";"4e-04";"0";"0";"0";"0";"0.011";"0";"4e-04";"0.0014";"7e-04";"0.011"
"u-937636";"Z_1";"2";"product";"TRUE";"2";"5";"10";"log";"500";"3.0283";"3.7032";"0.4997";"6.4268";"2.8212";"0.6581";"0.4831";"3.2699";"1.4351";"1.9731";"1.428";"1.711";"3.0586";"1.2769";"2.812";"0.3496";"4.6738";"2.4528";"1.7888";"0.7727";"1.411";"0.8988";"0.8897";"1.5177";"0.8842";"1.7899";"0.2452";"0.6716";"3.1706";"4.4328";"0.3496"
"j-838068";"Z_1";"3";"sum";"TRUE";"3";"0.1";"10";"log";"500";"0.4288";"0.8352";"0.5132";"0.9141";"1.2384";"1.3166";"2.2491";"0.5054";"2.047";"2.047";"2.8583";"0.6268";"1.3166";"1.0558";"2.6607";"2.6607";"1.485";"2.1129";"1.3135";"0.8519";"1.1325";"0.9516";"0.8427";"1.2861";"1.0688";"2.7728";"0.0221";"0.996";"0.2037";"1.838";"0.4823"
"l-506513";"Z_6";"100";"sum";"FALSE";"100";"0.1";"10";"log";"500";"0";"0";"0";"0";"0";"0";"0";"0";"0";"0";"0";"0";"0";"0";"0";"0";"0";"0";"0";"0";"0";"0";"0";"0";"0";"0";"0";"0";"0";"0";"0"
"b-964410";"Z_1";"50";"product";"FALSE";"50";"0.2";"10";"cubic";"500";"0";"0.0392";"1.492";"3.7117";"2.9927";"0";"0";"0";"3e-04";"0.2343";"0.2328";"0.9946";"2.7874";"1.3539";"3.436";"0";"0";"0";"0";"0";"0";"0.2722";"0.4334";"0.2328";"0.9946";"0";"0";"0";"0";"0.6673";"0"
"a-609172";"Z_1";"50";"product";"FALSE";"50";"0.2";"0";"cubic";"500";"0";"0.2026";"1.1508";"0.3091";"1.1385";"0";"0";"0";"0";"0.0988";"1.5515";"0.1404";"0.3316";"0.7101";"1.085";"0";"0";"0";"0";"0";"0";"0.2097";"0.4153";"0.2473";"0.3604";"0";"0";"0";"0";"0.5334";"0"
"t-377738";"Z_4";"20";"product";"TRUE";"20";"1";"5";"log";"500";"0";"0";"0.6401";"0";"0";"0";"0.0466";"0";"0";"1.3409";"0";"0";"0.131";"0.0848";"0";"2.2582";"0";"0";"1.4458";"0.1324";"0";"0.3268";"1.8887";"0";"1.1349";"3.739";"2.6424";"0";"0.2178";"0.184";"1.7383"
"s-915605";"Z_5";"2";"product";"FALSE";"2";"0.1";"0";"cubic";"500";"0.111";"0.1687";"0.0156";"0.0754";"0.0259";"0.9511";"0.0063";"0.5583";"0.1395";"0.1121";"0.0635";"0.1725";"0.073";"0.042";"0.0626";"0.2325";"0.1563";"0.0635";"0.1725";"0.3439";"0.0736";"0.073";"0.0726";"0.0156";"0.042";"0.167";"0.0398";"0.042";"0.1121";"0.1012";"0.0259"
"r-176601";"Z_4";"50";"sum";"FALSE";"50";"0.1";"0.5";"cubic";"500";"1.476";"0.1534";"0.2396";"0.5149";"1.476";"0.0061";"1.2856";"0.008";"0.1714";"3.0523";"0";"0.7674";"0.2396";"1.476";"0.5776";"1.3443";"0";"2.2243";"0.2396";"3.915";"2.7124";"1.5512";"3.1129";"4.5816";"0.0037";"0.0052";"0.0403";"0.5005";"2.9215";"0.0042";"0.1049"
"x-153864";"Z_1";"20";"product";"TRUE";"20";"0.1";"0.2";"softplus";"500";"0.0283";"0.1248";"0.0375";"0.3265";"0.7301";"0.2318";"0.1248";"0.057";"0.2015";"0.092";"0.3015";"0.6726";"0.0426";"0.2203";"0.1288";"0.0048";"0.0406";"0.1402";"0.2308";"0.0508";"0.6712";"0.2476";"0.2752";"0.3544";"0.8079";"0.0751";"0.029";"0.0144";"0.281";"0.342";"0.0644"
"u-711819";"Z_4";"10";"sum";"FALSE";"10";"10";"0.2";"log";"500";"0";"0";"1.4793";"0";"0";"0";"1.4306";"0";"0.0011";"0.3353";"0";"2e-04";"0.54";"1.3947";"0";"1.383";"0";"4e-04";"0.8654";"0.54";"0.0434";"1.41";"2.8766";"0.6079";"0.1628";"0.5158";"0.54";"0.2305";"1.3811";"1.4564";"0.8643"
"p-965521";"Z_4";"20";"product";"TRUE";"20";"0.2";"0";"square";"500";"1.2002";"1.0555";"0.9199";"1.2002";"1.151";"1.2504";"1.0555";"1.151";"2.2492";"1.0093";"2.2996";"1.1027";"0.7938";"2.6502";"1.1027";"1.0093";"1.151";"1.151";"0.9641";"1.0093";"2.2492";"1.0555";"1.1027";"2.8767";"1.9052";"2.3571";"1.1027";"0.9641";"0.8768";"0.8768";"2.4558"
"o-852310";"Z_5";"50";"product";"FALSE";"50";"2";"1";"cubic";"500";"4.1197";"4.1052";"2.0507";"4.4272";"2.5615";"1.0265";"4.8456";"2.651";"3.9188";"0.8372";"2.9776";"5.4752";"3.3791";"3.7207";"3.1896";"3.9213";"2.9754";"0.8991";"1.9465";"0.6205";"4.1495";"2.9673";"4.6487";"1.3081";"2.2474";"0.6123";"0.3725";"4.8348";"3.9188";"2.651";"3.6338"
"n-103807";"Z_6";"3";"product";"FALSE";"3";"10";"1";"log";"500";"0";"0";"0";"0";"0";"0";"0";"0";"0";"1e-04";"0";"0";"0";"0";"0";"0";"1e-04";"0";"0";"0";"0";"0.0014";"0";"0";"0";"0";"0";"0";"0";"0";"0"
"k-543815";"Z_5";"5";"product";"FALSE";"5";"10";"2";"square";"500";"0.024";"0.0387";"0.024";"0.0255";"0.0069";"0.0551";"0.0166";"0.0253";"0.0115";"0.0239";"0.1754";"0.0062";"0.0099";"0.0062";"0.0255";"0.0153";"0.1726";"0.0069";"0.0371";"0.0036";"0.0248";"0.0155";"0.0062";"0.0304";"0.0023";"0.1198";"0.0042";"0.0114";"0.0113";"0.0041";"0.019"
"o-878797";"Z_5";"20";"product";"FALSE";"20";"1";"0.5";"square";"500";"2.2418";"1.7005";"1.4328";"3.7658";"0";"0.7915";"2.5437";"1.9342";"0";"1.06";"0.9595";"0";"4.0541";"0";"0";"2.1928";"0.5015";"0";"2.182";"0";"0";"1.8858";"0";"0";"0";"1.3663";"0";"0";"0";"0";"0"
"o-193959";"Z_1";"10";"sum";"FALSE";"10";"10";"0.2";"cubic";"500";"0.1274";"0.969";"0.7584";"0.2295";"0.3989";"0.2472";"0.1876";"0.0668";"0.0739";"1.0708";"0.5663";"1.5921";"1.2697";"1.1685";"0.5565";"0.2161";"0.0382";"0.1876";"0.1497";"0.2472";"0.1382";"1.3742";"0.27";"1.1192";"0.3775";"0.0483";"0.054";"0.0259";"0.054";"0.1949";"0.0739"
"g-330070";"Z_4";"50";"sum";"TRUE";"50";"1";"0.1";"cubic";"500";"0.4157";"2.2164";"0.3154";"1.6778";"3.1411";"0.2103";"0.6029";"0.5693";"0.4704";"1.0477";"0.7901";"3.4252";"3.3062";"2.3093";"0.6162";"0.1704";"2.532";"1.1298";"1.0984";"0.172";"2.8146";"0.9974";"2.6697";"5.08";"1.8325";"1.7123";"3.1242";"0.1714";"0.1085";"0.9027";"2.0024"
"e-735693";"Z_4";"3";"product";"FALSE";"3";"5";"0.2";"softplus";"500";"0";"0";"0.1624";"0";"0";"0";"1.2676";"0";"0";"0.0774";"0";"0";"3e-04";"0";"0";"0.1571";"0";"0";"0.1571";"0.0015";"0";"0.9756";"0.0013";"0";"0.8988";"0.1019";"0.0681";"0";"0.3826";"7e-04";"0.0051"
"d-250864";"Z_3";"3";"sum";"FALSE";"3";"0.1";"0.1";"square";"500";"0";"0";"0";"0";"0";"0.0111";"0";"0";"0";"0";"0";"0";"0";"0";"0";"0.1353";"0.5994";"0.638";"0";"0";"0";"0";"0";"0";"0";"1.1201";"0.1853";"0.0205";"0";"0";"0.037"
"s-913298";"Z_3";"2";"sum";"FALSE";"2";"1";"0.2";"log";"500";"0.0044";"4e-04";"0.3716";"0";"0";"5.3194";"0.0031";"0.0081";"0.0042";"0.0082";"0.0021";"0";"0.1089";"0.0049";"0";"0.1266";"4.5472";"2.0434";"0.1404";"0.0105";"7e-04";"0.0112";"0.001";"0";"0";"0.6785";"0.4639";"0.3587";"0.001";"0";"0.6583"
"y-218839";"Z_4";"5";"sum";"FALSE";"5";"0.5";"5";"log";"200";"0";"0";"3.2896";"0";"0";"0";"5.8795";"0";"0";"2.36";"0";"0";"1.5259";"2.5592";"0";"2.2595";"0";"0";"1.3185";"1.532";"0";"1.0221";"1.769";"0";"4.1445";"1.2875";"1.6027";"0";"1.2386";"0.7031";"2.8794"
"h-182175";"Z_4";"50";"product";"FALSE";"50";"0";"0.5";"square";"200";"0.1114";"0.1541";"0.247";"0.0853";"0.0222";"0.0366";"0.2625";"0.0364";"0.06";"0.6608";"0.2403";"0.3872";"0.1635";"0.1025";"0.0165";"0.5692";"0.2403";"0.0613";"0.4159";"0.5663";"0.1409";"0.8573";"1.1786";"0.0229";"0.2625";"0.1635";"0.3725";"0.1025";"0.1635";"0.8573";"0.1635"
"e-642514";"Z_4";"20";"product";"FALSE";"20";"0.1";"0.2";"square";"200";"0.2207";"0.2207";"0.5982";"0.2207";"0.6069";"0.7391";"0.3275";"1.399";"1.6583";"1.0286";"0.2507";"2.7463";"1.161";"0.8661";"1.3305";"0.0622";"0.2467";"1.3166";"0.3211";"2.2678";"1.9574";"1.395";"0.8554";"3.4016";"0.8188";"2.0984";"1.247";"0.5391";"2.3587";"1.2782";"0.4718"
"n-296094";"Z_5";"3";"product";"FALSE";"3";"0.2";"2";"cubic";"200";"0.1236";"0.1151";"0.2754";"1.0943";"0.396";"1.7557";"0.1236";"2.1477";"0.0475";"0.1236";"0.0876";"0.3459";"0.0876";"0.0876";"0.0876";"1.3002";"0.0652";"0.5008";"0.6207";"0.1236";"1.2941";"0.5008";"0.0876";"0.2754";"0.6207";"0.1151";"0.1151";"0.3459";"0.1151";"0.3459";"0.1151"
"w-459288";"Z_6";"3";"product";"TRUE";"3";"1";"10";"square";"200";"0";"1e-04";"0";"0";"0";"0";"0";"0";"0.9701";"0";"0";"0";"0";"0.002";"0";"0";"0";"0";"0";"0";"0";"0.007";"0";"0.1303";"0";"3.2318";"0.0036";"0";"0.8126";"0";"0"
"h-440336";"Z_4";"10";"product";"TRUE";"10";"2";"0.5";"log";"200";"0.0302";"0.0163";"0.495";"0.0053";"0.1347";"0";"1.0364";"2e-04";"0.0123";"2.3676";"0.0449";"0.1112";"2.3676";"3.698";"0.0058";"2.3676";"0";"7e-04";"2.2626";"5.062";"0.0055";"2.415";"3.3096";"0.0164";"5.3404";"1.4208";"1.4563";"0.0426";"0.8566";"2.3676";"0.5381"
"p-289098";"Z_2";"5";"product";"FALSE";"5";"0";"0.5";"log";"200";"1.1199";"2.0051";"0.0848";"0.4503";"0.042";"1.1319";"1.3176";"2.1974";"1.6197";"0.2752";"1.808";"3.9188";"0.359";"0.0123";"1.0337";"0.3843";"1.035";"1.2193";"2.4719";"0.391";"0.7551";"1.0322";"0.5251";"0.5251";"0.3679";"1.8896";"1.8896";"0.5423";"1.0212";"1.1199";"0.5928"
"w-394110";"Z_2";"20";"sum";"FALSE";"20";"0";"1";"log";"200";"2.5874";"3.3911";"4.7416";"6.0427";"4.8788";"1.7842";"1.8762";"0.2971";"1.2186";"0.2408";"0.7537";"1.2346";"3.5267";"2.5664";"0.4097";"2.5874";"2.8114";"1.8342";"0.0905";"3.5429";"2.5664";"1.832";"0.404";"3.3798";"2.6143";"0.8065";"2.5664";"1.5976";"3.4318";"2.3335";"1.9406"
"s-536095";"Z_4";"10";"product";"FALSE";"10";"5";"1";"softplus";"200";"1e-04";"0.0026";"0.0029";"0.177";"0.0016";"1.3806";"1.7357";"0.1685";"0.0017";"0.201";"0.9127";"0.0019";"0.9368";"2.5817";"0.9502";"0.5129";"0.0026";"1.9932";"0.0066";"0.1911";"0.6943";"0.0774";"0.0229";"0.1911";"0.6142";"1.0419";"0.2547";"0.1248";"0.0743";"0.0983";"0.1657"
"b-146960";"Z_3";"5";"sum";"FALSE";"5";"0.1";"0.2";"square";"200";"1.3793";"2.0392";"1.6731";"0.5789";"0.6889";"1.4381";"1.7935";"4.5063";"1.5545";"1.46";"3.743";"1.324";"5.2262";"0.9317";"0.0773";"1.7935";"4.4393";"3.9673";"4.7601";"1.5545";"3.6283";"1.7134";"1.5545";"1.7711";"0.0859";"4.1501";"3.8625";"0.0859";"0.1045";"0.0692";"2.1877"
"e-315500";"Z_4";"5";"sum";"TRUE";"5";"10";"0";"cubic";"200";"0.1078";"1.6977";"1.755";"1.0337";"6.1646";"3.1749";"0.2966";"2.3153";"0.4506";"2.2321";"1.755";"2.289";"0.1427";"1.9012";"2.8398";"0.1115";"1.3565";"4.8652";"1.755";"1.2243";"5.5854";"2.2718";"0.2975";"1.4534";"0.5869";"1.0542";"0.3351";"5.7336";"1.7398";"4.017";"1.755"
"j-641859";"Z_6";"10";"sum";"FALSE";"10";"5";"0.2";"log";"200";"0";"0";"0";"0";"0";"0";"0";"5e-04";"0.4623";"0";"0";"1.1786";"0.0045";"1.0942";"0";"0";"0.0046";"0.3041";"0.0029";"0.4535";"1.0004";"0.0254";"0.0404";"0.6506";"0.046";"0.046";"0.733";"2.3029";"0.6765";"8e-04";"0.1899"
"s-104571";"Z_4";"5";"sum";"FALSE";"5";"0.5";"0";"log";"200";"0.0026";"0";"0.6327";"0";"0.0092";"0.0307";"3.3171";"1e-04";"0.0133";"5.4601";"0";"0.0041";"5.1876";"1.919";"0.0047";"2.4578";"0.0013";"0.0321";"4.4295";"2.579";"0.0026";"4.2647";"6.5903";"0.0081";"0.5526";"6.4421";"4.4258";"0.0081";"3.5695";"4.4258";"4.8303"
"a-405632";"Z_4";"2";"sum";"FALSE";"2";"2";"2";"cubic";"200";"2.266";"2.8121";"3.8698";"3.2896";"4.9995";"0.4957";"4.2288";"0.6229";"0.2914";"7.8033";"2.2832";"0.1169";"3.2896";"9";"1.5642";"2.6753";"1.153";"0.5733";"2.3168";"3.3353";"1.7346";"2.3307";"6.5037";"1.3742";"2.311";"4.9977";"5.1712";"1.9958";"4.829";"2.1151";"5.1607"
"x-111243";"Z_4";"2";"sum";"TRUE";"2";"0.2";"0";"cubic";"200";"2.8525";"4.6474";"1.2445";"1.4619";"2.0241";"0.4571";"0.1747";"0.0685";"1.1688";"2.4267";"0.3598";"3.8294";"0.5114";"6.7479";"3.7405";"7.9349";"0.2189";"0.4376";"3.0172";"1.9965";"1.0596";"0.1513";"5.8629";"1.9117";"2.9959";"2.115";"2.8785";"2.115";"6.6946";"1.0687";"1.9261"
"s-763201";"Z_3";"100";"sum";"FALSE";"100";"0.2";"0";"log";"200";"0.0121";"0";"0.0011";"6e-04";"0";"0.0897";"0.4909";"1.3157";"1.3362";"0.0069";"0";"0";"0.0035";"0";"0";"0.3701";"1.3734";"2.5409";"4.6579";"0.9682";"0.7251";"0.0088";"0.007";"0";"0.0015";"2.5198";"1.0588";"1.1843";"3.4854";"0.075";"0.4909"
"f-466067";"Z_5";"100";"sum";"TRUE";"100";"10";"1";"square";"200";"3.2231";"2.0962";"3.6236";"2.8823";"0.0971";"0.5131";"1.5017";"2.8644";"0.5446";"1.2465";"2.4867";"0.7628";"2.4574";"0.7894";"1.0496";"1.4563";"4.0045";"0.3946";"1.4563";"1.3331";"0.6587";"4.393";"0.0051";"0.3498";"0.3121";"1.0496";"0.9398";"5.4239";"0.0146";"0.0089";"0.0958"
"x-859855";"Z_4";"100";"product";"FALSE";"100";"2";"0.5";"square";"200";"0.5611";"0.5399";"1.6786";"0.978";"0.5489";"0.1194";"2.3635";"0.5764";"0.0936";"0.1356";"0.1199";"0.0467";"1.984";"0.2974";"0.978";"0.0091";"0.001";"0.9712";"0.2754";"0.5008";"0.0692";"1.2158";"0.0121";"0.9826";"0.9712";"0.0874";"2.477";"0.0046";"0.5399";"1.9755";"1.9892"
"x-465941";"Z_4";"20";"sum";"FALSE";"20";"10";"0.5";"softplus";"200";"0";"0";"0.2583";"0";"0";"0";"0";"0";"0";"0";"0";"0";"0.0115";"0";"1e-04";"0.4326";"0";"0";"0.1475";"0.4386";"1e-04";"0.0353";"0";"1e-04";"0.0022";"0.4371";"0.2583";"2e-04";"0.2532";"0.001";"0.2592"
"k-419850";"Z_2";"100";"sum";"TRUE";"100";"0";"0.1";"log";"200";"1.2787";"1.8443";"1.7151";"2.3387";"2.3093";"0.4326";"1.2787";"0.6914";"0.2516";"1.4698";"1.5035";"1.0233";"1.8553";"1.924";"1.7722";"1.6678";"0.1441";"0.2715";"2.9353";"0.6804";"0.4144";"2.4691";"3.5656";"1.3011";"3.3622";"0.9768";"0.3813";"0.1685";"0.9943";"1.2445";"0.0245"
"l-738408";"Z_4";"5";"sum";"TRUE";"5";"0.1";"0.1";"softplus";"200";"0.5555";"0.486";"1.0144";"1.8661";"1.0144";"0.0785";"0.2754";"2.1559";"0.6529";"0.2221";"1.3339";"0.1875";"0.7596";"0.0929";"1.8661";"0.6396";"0.0257";"0.0071";"0.3913";"0.0929";"0.3874";"0.4922";"0.4986";"3.282";"0.0444";"0.2314";"0.2314";"0.7638";"0.8844";"0.2754";"0.7303"
"n-275277";"Z_3";"100";"product";"FALSE";"100";"2";"0.5";"log";"200";"0";"0";"0";"0";"0";"3.3537";"0";"0.0022";"0.147";"0";"0";"0";"0";"0";"0";"0.8194";"0.7392";"0.7364";"0.0031";"0.0084";"0.0044";"0";"0";"0";"0";"2.0559";"1.0799";"2.8766";"0.0026";"0";"2.4178"
"p-811945";"Z_4";"2";"sum";"TRUE";"2";"0.2";"0";"log";"200";"1.0387";"3.0212";"2.2592";"1.7947";"4.2414";"0.0673";"2.357";"1.4251";"3.9532";"2.9718";"5.6841";"3.7661";"2.2681";"2.5937";"2.9133";"1.584";"1.3969";"0.4136";"3.5462";"2.0235";"1.4488";"0.7437";"5.6908";"3.2948";"6.5354";"3.2948";"3.3276";"1.6801";"3.2948";"5.1983";"6.7646"
"s-799867";"Z_1";"50";"sum";"FALSE";"50";"2";"0.2";"cubic";"200";"4.0621";"0.6884";"0.7427";"1.9012";"1.0094";"2.9325";"1.9795";"1.2094";"2.9138";"0.0176";"0.7541";"0.4068";"0.6884";"0.6608";"0.4225";"0.7915";"2.0618";"2.3075";"3.6496";"4.2349";"0.9396";"1.2059";"0.2364";"0.1464";"0.2818";"0.9659";"2.5758";"1.3635";"3.8442";"0.4356";"1.2489"
"x-420048";"Z_6";"2";"product";"FALSE";"2";"0.2";"0";"softplus";"200";"0.1758";"0.4463";"0.454";"0.2586";"2.4171";"0.4126";"0.9286";"0.9984";"3.3299";"1.1585";"2.7084";"1.6222";"0.3019";"0.2919";"0.0022";"0.4463";"0.838";"2.1896";"1.8661";"3.5567";"1.0415";"1.4611";"1.1118";"0.1894";"0.1717";"0.454";"0.0915";"0.0471";"1.0524";"0.0229";"2.2953"
"g-337328";"Z_2";"10";"product";"FALSE";"10";"0";"1";"cubic";"200";"1.1843";"0.9122";"1.8481";"0.5654";"1.1436";"0.08";"0.1193";"1.7073";"0.3634";"2.9831";"1.6059";"1.886";"1.9566";"0.8589";"2.1436";"0.3282";"2.4131";"5.4511";"5.6594";"1.7073";"1.7102";"3.1893";"3.2873";"2.121";"2.6558";"2.0205";"1.9392";"4.4731";"3.8208";"1.2841";"6.8153"
"l-984372";"Z_3";"5";"sum";"TRUE";"5";"1";"5";"softplus";"200";"0.0592";"0.3148";"0.0479";"5e-04";"0";"4e-04";"0.6453";"0.0314";"0.0113";"0.8308";"0.0081";"0.1105";"0.068";"0.0081";"0.1105";"0";"0.0459";"0.8308";"0.0251";"0.1258";"0.0022";"0.0435";"0.2662";"0.0438";"0.2662";"0.0592";"0.2148";"0.623";"0.0157";"0.0038";"0.072"
"i-991438";"Z_2";"100";"product";"TRUE";"100";"0";"0.2";"square";"200";"1.0335";"1.3125";"1.1183";"3.074";"1.1183";"0.3187";"1.9647";"2.6355";"2.9031";"2.633";"2.6155";"3.2133";"1.5922";"2.2906";"1.1183";"0.9528";"0.3234";"1.041";"2.3313";"1.3166";"1.0953";"1.1183";"2.7558";"3.292";"0.8096";"0.0251";"0.4405";"1.1339";"0.683";"2.9926";"0.6936"
"y-664156";"Z_6";"50";"product";"FALSE";"50";"1";"5";"square";"200";"0.1745";"0.0628";"1e-04";"0";"0.0334";"0.0633";"0.0149";"0.1403";"0.026";"0";"0";"0.014";"0";"4e-04";"0";"9e-04";"0.0293";"0.1745";"0.0071";"0.7738";"0.0345";"0";"0.7738";"0.0633";"8e-04";"0";"0.0074";"0.0043";"1e-04";"0.0251";"0.2388"
"i-596634";"Z_2";"5";"sum";"TRUE";"5";"5";"0.5";"cubic";"200";"0.0062";"0";"0";"0";"0";"0.155";"0.0021";"0.0015";"5e-04";"0";"0";"0";"0";"0";"0";"0.9463";"0.189";"2e-04";"0";"0.0018";"5e-04";"0";"0";"0";"0";"0.0019";"0.007";"7e-04";"2e-04";"0";"7e-04"
"q-712771";"Z_2";"3";"product";"FALSE";"3";"2";"2";"square";"200";"0.001";"0";"0";"0";"0";"0.1075";"0.0069";"0.023";"0.1311";"0";"1e-04";"0";"0";"0";"0";"0.0264";"0.0039";"0.0016";"0.0348";"0.1311";"2e-04";"0";"0";"0";"0";"0.0097";"0";"0.002";"0.1311";"0";"0"
"r-784671";"Z_1";"50";"sum";"FALSE";"50";"5";"0.2";"log";"200";"0";"0";"0.0032";"1.0792";"0.0262";"0";"2e-04";"7e-04";"0";"0.0389";"1e-04";"0";"0.0737";"0.0092";"0";"0.0284";"0";"3e-04";"0.008";"0.0013";"0.0046";"0.0057";"0.0066";"0.0015";"2e-04";"0.0045";"1e-04";"0.0086";"1e-04";"0.0023";"7e-04"
"r-931255";"Z_2";"50";"product";"TRUE";"50";"1";"2";"log";"200";"0.8588";"0.0253";"0.1487";"0";"0.464";"0.0766";"0.4216";"0.6166";"0.4746";"0.2085";"0.0016";"0.1112";"0.1878";"0.238";"0.5976";"0.7182";"0.4419";"1.2344";"1.2821";"0.5266";"0.1319";"0.5456";"0.1139";"0.1106";"0.1977";"0.1526";"0.1504";"0.4419";"0.0146";"0.0995";"0.2063"
"v-619006";"Z_4";"3";"sum";"FALSE";"3";"5";"0.1";"cubic";"200";"2.9568";"9";"9";"1.2436";"9";"4.23";"9";"9";"9";"9";"5.0067";"5.6893";"3.87";"5.6464";"9";"0.5693";"3.0562";"1.9897";"2.465";"2.7106";"0.2686";"5.3028";"1.1588";"9";"2.8963";"1.62";"0.9229";"5.5741";"2.2493";"2.7";"5.0343"
"h-700028";"Z_6";"20";"sum";"FALSE";"20";"5";"1";"square";"200";"0";"0";"4e-04";"0.0099";"0.0199";"0.1982";"0.004";"0.0083";"0.0199";"0.0028";"0.0372";"0.0028";"0";"0";"0.0055";"2e-04";"0.1432";"0.9128";"0";"0.0099";"0.0372";"0.0019";"0.069";"0.0017";"0";"0";"0.004";"6e-04";"0";"0";"0.0344"
"v-739243";"Z_5";"5";"sum";"TRUE";"5";"0";"0.2";"log";"200";"0.052";"0.1326";"0.7209";"0.1295";"1.8394";"0.3246";"0.1326";"0.7741";"0.2926";"0.1326";"0.12";"0.9173";"0.4953";"0.903";"0.2269";"0.1326";"0.6346";"1.5398";"0.257";"0.903";"2.8342";"0.6057";"0.052";"3.4042";"0.3581";"0.025";"0.5987";"0.7598";"0.6191";"1.7188";"0.6351"
"f-451427";"Z_1";"50";"sum";"FALSE";"50";"10";"1";"cubic";"200";"0.5619";"0.443";"2.083";"1.1689";"0.9835";"0.5839";"0.8973";"0.3775";"0.443";"0.2226";"0.7701";"0.443";"1.5416";"1.2578";"1.286";"0.6084";"0.7701";"0.7701";"0.2226";"0.2836";"0.8146";"0.9835";"0.7389";"1.1975";"0.3873";"0.3168";"0.2638";"0.9835";"0.5893";"0.7537";"1.068"
"e-573916";"Z_6";"50";"product";"FALSE";"50";"1";"2";"square";"200";"3e-04";"1e-04";"1.08";"1e-04";"1e-04";"2e-04";"1.08";"1e-04";"1e-04";"1.08";"0";"1e-04";"2e-04";"1.08";"1e-04";"1.08";"0";"0.0492";"0.1649";"1.08";"1e-04";"0.004";"2.0352";"0";"0.0315";"0";"0.5464";"0";"0.1868";"0.1363";"0.1482"
"c-774521";"Z_6";"2";"product";"FALSE";"2";"0.2";"0.1";"softplus";"200";"0.2617";"0.0381";"0.1081";"0.0552";"0.0432";"0.0802";"1.1459";"0.0857";"0.0389";"0.7232";"0.0802";"0.0937";"0.5285";"0.2801";"0.0105";"0.1571";"0.0507";"0.0155";"0.368";"0.1578";"0.1935";"1.2281";"0.278";"0.0862";"0.1169";"0.0444";"0.0232";"0.0441";"1.2142";"0.7706";"1.1817"
"x-409325";"Z_2";"2";"sum";"TRUE";"2";"0";"0";"log";"200";"2.7655";"1.8908";"1.7361";"1.8181";"0.7736";"4.4399";"1.7562";"2.3047";"2.2761";"2.5081";"3.3157";"1.4234";"1.3503";"1.4234";"1.9041";"2.6958";"1.5035";"1.1229";"2.7098";"1.1229";"3.3297";"0.2484";"0.6326";"0.6326";"2.6889";"2.7098";"0.7233";"0.8139";"1.8071";"2.6337";"1.1229"
"m-304082";"Z_6";"10";"sum";"TRUE";"10";"0.2";"0.5";"square";"200";"1.615";"0.3892";"1.4381";"1.2125";"0.7937";"1.2919";"0.0163";"0.3892";"1.1667";"1.4563";"1.6731";"1.2376";"0.9276";"1.3974";"0.2093";"1.1667";"0.4329";"1.2376";"1.1039";"1.8444";"0.7981";"1.1039";"0.17";"0.257";"2.197";"0.0931";"0.0041";"3.2036";"1.3974";"2.5126";"1.502"
"n-478624";"Z_5";"3";"product";"FALSE";"3";"0.1";"1";"log";"200";"3.3593";"2.5443";"4.726";"5.3349";"0.4159";"3.898";"4.7826";"5.1688";"0.0036";"2.6618";"4.6524";"0.1061";"1.8374";"0";"0.0201";"3.0944";"4.7524";"0.0012";"5.36";"1e-04";"0";"0.9325";"0";"0.0017";"0";"4.7198";"0";"0.0057";"0";"1e-04";"0"
"x-897296";"Z_5";"5";"product";"TRUE";"5";"0.2";"2";"log";"200";"4.365";"7.3129";"7.3205";"4.306";"5.6633";"5.1381";"4.185";"6.9768";"1.3139";"5.6633";"4.455";"4.365";"4.3034";"4.3191";"0.4637";"2.3088";"5.1381";"3.7324";"2.8837";"4.41";"2.8761";"2.3259";"3.1527";"4.4227";"6.0332";"1.8002";"3.6575";"2.3994";"4.4227";"6.0252";"3.1527"
"n-693946";"Z_6";"10";"sum";"FALSE";"10";"5";"0.1";"cubic";"200";"0";"0.0169";"2.6958";"2.622";"0";"2.7258";"0.0125";"0";"0";"0";"0.4452";"0";"2.7445";"0";"1e-04";"5.0695";"2e-04";"0";"0.0334";"0";"0";"5.8269";"0.655";"0.5903";"0.7309";"0";"0";"0";"0";"3.3739";"0"
"t-136145";"Z_5";"20";"product";"TRUE";"20";"1";"0.1";"square";"200";"1.8814";"1.6671";"0.9207";"1.9079";"1.3751";"1.5321";"2.2761";"2.6743";"0.6926";"1.9079";"1.9079";"3.6844";"1.5165";"1.0244";"0.4778";"1.2025";"0.8724";"0.3695";"0.6698";"0.7699";"1.2023";"1.6395";"0.4428";"1.9522";"1.255";"1.0244";"0.1377";"1.6698";"0.8707";"1.5321";"0.66"
"x-589494";"Z_1";"5";"sum";"TRUE";"5";"5";"0.5";"cubic";"200";"0.685";"0.1635";"0.932";"0.2477";"0.0684";"0.0436";"0.2428";"0.9335";"1.2563";"0.1118";"0.3456";"0.3438";"0.6969";"0.4839";"0.4936";"0.0684";"0.1053";"0.0704";"0.2428";"0.35";"0.2391";"1.253";"0.6917";"0.2477";"0.3509";"0.5064";"0.3438";"0.1598";"0.4911";"0.4985";"0.0465"
"n-834780";"Z_1";"50";"product";"FALSE";"50";"5";"5";"cubic";"200";"0.2684";"0.1784";"0.0279";"0.1814";"0.2664";"0.2657";"0.1398";"0.2372";"0.5706";"0.1167";"0.2667";"0.1148";"0.5297";"0.0722";"1.0996";"0.073";"0.073";"0.0468";"0.115";"0.2867";"0.0659";"0.1152";"0.0485";"0.5423";"0.3878";"0.1078";"0.3996";"0.1752";"0.1222";"0.5625";"0.0492"
"x-144275";"Z_3";"50";"sum";"TRUE";"50";"0.5";"0.1";"cubic";"200";"1.434";"0.3667";"1.3833";"0.836";"0.393";"1.3833";"1.3833";"0.2705";"1.8916";"1.2738";"1.2713";"1.305";"0.3667";"0.3667";"0.5789";"0.9061";"0.7297";"1.908";"1.2786";"0.247";"1.8916";"1.305";"2.4264";"0.1836";"0.836";"0.5008";"0.717";"0.5008";"0.3667";"1.2455";"0.5008"
"d-690890";"Z_2";"5";"product";"FALSE";"5";"0.5";"0.1";"softplus";"200";"1.2135";"0";"0";"0";"0";"0.2055";"1.1185";"0.3099";"0.0418";"0";"0";"0";"0";"0";"0";"0.0096";"0.1403";"0.1729";"0.1482";"0.7578";"0.0073";"0.0035";"0.0018";"0";"0";"0.0288";"0.1006";"0.002";"0.1098";"1e-04";"0.1911"
"k-835191";"Z_5";"3";"product";"TRUE";"3";"0.2";"2";"cubic";"200";"0.6581";"3.5055";"1.6826";"1.5757";"0.9204";"0.3482";"0.9204";"0.3482";"0.3482";"0.3482";"0.7478";"2.4682";"1.593";"1.6826";"0.1851";"0.7632";"0.1446";"1.7538";"0.5141";"0.7632";"1.901";"1.7538";"0.6581";"2.304";"1.5757";"0.7632";"3.4643";"1.6826";"0.7664";"4.9499";"0.5015"
"b-960359";"Z_3";"5";"sum";"FALSE";"5";"0";"0";"square";"100";"1.0364";"3";"1.5364";"3";"3";"1.64";"3";"3";"3";"1.6194";"3";"3";"3";"1.4073";"3";"1.5145";"1.4848";"3";"3";"1.5067";"1.5364";"3";"3";"3";"3";"0.7127";"3";"3";"3";"3";"3"
"c-186820";"Z_6";"5";"sum";"FALSE";"5";"2";"10";"softplus";"100";"0.0824";"0.0824";"0.1782";"0.0824";"0.0127";"0.0473";"0.2364";"0.0727";"0.0127";"0.8364";"0.0824";"0.04";"0.06";"0.2818";"0.017";"0.1782";"0.0727";"0.0218";"0.2939";"1.4903";"0.0218";"0.3509";"3";"0.0333";"0.5733";"0.06";"0.6552";"0.0218";"1.4903";"1.5145";"0.3509"
"o-822155";"Z_2";"2";"sum";"FALSE";"2";"0.2";"1";"square";"100";"1.3776";"3.0819";"2.0023";"2.0023";"0.8098";"0.2788";"0.2905";"0.2369";"0.4155";"1.2667";"0.8098";"4.5113";"3.0819";"2.3248";"3.0819";"1.4429";"2.1382";"0.1696";"0.4155";"2.4647";"1.0634";"2.1382";"4.3007";"1.2667";"1.576";"0.5158";"0.2953";"4.3527";"0.3957";"1.3006";"0.6893"
"v-627706";"Z_5";"20";"product";"TRUE";"20";"0.5";"10";"log";"100";"1.3848";"1.7613";"3.1458";"1.2082";"0.9811";"1.9166";"1.2082";"2.3712";"2.721";"1.6147";"3.4729";"0.9267";"2.9236";"0.5731";"0.5731";"2.8994";"1.6276";"0.8348";"1.2082";"0.5402";"0.9078";"3.1458";"0.8348";"2.3712";"1.9166";"2.3695";"2.1082";"1.1972";"1.9166";"2.1082";"2.3712"
"k-165925";"Z_2";"2";"sum";"TRUE";"2";"1";"2";"cubic";"100";"0.1465";"0.0288";"0.0288";"0.0288";"0.0288";"0.2193";"0.1465";"0.1465";"0.0509";"0.0288";"0.0288";"0.0507";"0.0553";"0.0288";"0.0089";"0.0479";"0.72";"0.0399";"0.72";"0.1465";"0.0869";"0.0288";"0.0288";"0.0288";"0.0288";"0.0509";"0.0813";"0.1626";"0.0399";"0.0288";"0.72"
"t-370850";"Z_3";"5";"sum";"TRUE";"5";"0.2";"2";"cubic";"100";"0.0051";"0.2195";"3.6542";"1.8";"1.9666";"0.0459";"2.7263";"4.05";"0.2852";"7.3588";"0.7898";"0.4866";"4.05";"4.05";"2.0488";"2.8026";"0.9661";"5.3488";"0.5698";"0.0013";"0.9405";"3.6906";"2.6238";"2.6524";"0.5485";"0.2791";"0.0107";"1.785";"0.8352";"0.1843";"1e-04"
"j-549857";"Z_5";"2";"sum";"TRUE";"2";"2";"0";"square";"100";"0.0055";"0.0062";"0.2719";"0.2394";"0.1215";"0.0176";"0.11";"0.1361";"0.0541";"0.048";"0.048";"0.1018";"0.2394";"0.1361";"0.0195";"0.0446";"0.0541";"0.0472";"0.1361";"0.1215";"0.0527";"0.4919";"0.1361";"0.0195";"0.1361";"0.11";"0.0229";"0.1215";"0.0229";"0.1064";"0.0446"
"x-873560";"Z_6";"5";"product";"TRUE";"5";"0";"0.5";"log";"100";"4.8295";"6.1384";"3.886";"3.1005";"2.2383";"4.7619";"2.8922";"3.1005";"1.5393";"3.6984";"2.6792";"2.6792";"3.886";"0.5221";"3.7641";"1.296";"2.6792";"1.1909";"1.296";"3.5026";"2.0104";"2.4612";"2.25";"1.296";"2.6792";"2.6792";"1.3574";"0.1945";"0.709";"0.1352";"1.6595"
"o-703317";"Z_6";"2";"sum";"FALSE";"2";"0.5";"5";"square";"100";"0";"0";"0";"0";"0.0244";"0";"0";"0";"0.0012";"0.0013";"0";"0.0051";"1e-04";"0.1405";"2e-04";"0.0036";"0";"0.5018";"1e-04";"0";"4e-04";"0.0014";"3e-04";"0.0244";"6e-04";"1e-04";"4e-04";"0.1096";"0.0663";"0.037";"0.8907"
"i-793289";"Z_1";"100";"product";"FALSE";"100";"2";"5";"square";"100";"0.1386";"2.1032";"2.2649";"1.4501";"2.2649";"0.0672";"0.9506";"0.3915";"0.3869";"2.6011";"0.5787";"4.5761";"1.3642";"3.1423";"3.172";"0.0627";"0.1349";"0.0672";"0.0778";"0.0418";"0.0411";"3.1423";"3.1423";"2.0936";"1.6276";"0.0101";"0.1858";"0.0142";"0.2158";"3.1907";"0.0627"
"c-319840";"Z_4";"100";"product";"FALSE";"100";"5";"1";"log";"100";"0";"0";"3.3017";"1e-04";"0.1461";"1e-04";"3.1353";"0";"0.0597";"2.0008";"0";"0.1355";"0.5288";"3.2783";"2.0008";"1.6931";"0";"0.0183";"2.2986";"3.1353";"3.8911";"3.1353";"2.5869";"9";"9";"2.2986";"1.7249";"0.0808";"0.6917";"9";"9"
"a-616032";"Z_1";"5";"product";"TRUE";"5";"1";"0.2";"log";"100";"2.04";"0.1548";"1.6375";"1.2218";"1.3665";"1.88";"1.6375";"0.7576";"1.3891";"1.3591";"1.5608";"0.3678";"1.88";"1.5545";"1.3665";"9";"2.3545";"0.8818";"0.477";"0.3582";"1.2218";"0.4984";"0.251";"0.251";"2.4382";"1.6418";"2.4382";"2.04";"1.0527";"0.1971";"1.5393"
"a-406213";"Z_3";"20";"product";"TRUE";"20";"1";"10";"square";"100";"0.0056";"0";"0.0655";"0.0655";"0.0655";"0";"0";"4e-04";"0.81";"0.0655";"0.0655";"0.81";"0.0655";"0";"0.81";"0";"0.0655";"0";"0";"0";"0.2569";"0";"0";"0.0655";"0.2046";"0.0152";"0.0475";"1e-04";"0.0161";"0.8104";"0.3603"
"s-449390";"Z_6";"50";"sum";"TRUE";"50";"0.1";"0.1";"softplus";"100";"3.2296";"5.9185";"0.135";"3.0747";"0.1354";"3.7789";"3.2296";"6.8195";"0.2411";"1.6873";"2.8972";"0.2923";"2.3605";"4.8606";"5.5863";"1.53";"2.5996";"0.1858";"0.2473";"1.3591";"0.5368";"2.8127";"2.8127";"2.4237";"3.6478";"3.8329";"1.3591";"2.6474";"3.8289";"1.1389";"3.6478"
"j-226814";"Z_6";"5";"sum";"FALSE";"5";"10";"5";"log";"100";"0";"0";"0";"0.106";"0";"0";"0";"0.0808";"0";"0";"0.4491";"0";"0.5653";"0";"5.4059";"0";"0.3441";"0";"0.8275";"0";"2.2069";"0.5653";"0";"0.6182";"0.5154";"0.6917";"0";"3.3567";"1.6375";"0.228";"0.2552"
"q-134185";"Z_4";"2";"sum";"TRUE";"2";"0.1";"0.1";"cubic";"100";"1.4833";"1.5335";"2.34";"2.34";"2.34";"4.0891";"4.4445";"1.6655";"1.7996";"0.8317";"4.0891";"2.34";"2.34";"4.0891";"1.5656";"0.1399";"4.0891";"2.0683";"1.0867";"1.6159";"1.9776";"4.4447";"2.0855";"2.128";"9";"2.34";"5.2224";"2.9041";"2.34";"2.6556";"5.5918"
"z-828201";"Z_6";"50";"product";"TRUE";"50";"0";"0.1";"log";"100";"0.7841";"1.0059";"1.5404";"1.3509";"0.1351";"0.6514";"1.8006";"0.4959";"1.8006";"2.5844";"0.6514";"0.2533";"2.5855";"3.4408";"2.8839";"1.9358";"1.5958";"0.4892";"1.5404";"1.7572";"0.6611";"2.2432";"2.2432";"1.7572";"2.725";"3.3346";"0.6514";"0.2777";"1.465";"0.42";"1.98"
"i-589425";"Z_4";"5";"product";"FALSE";"5";"0.1";"0.2";"square";"100";"0.7682";"2.6951";"2.9977";"2.9733";"2.831";"1.6728";"0.5779";"1.9646";"1.3219";"0.6032";"1.7877";"4.0223";"3.8678";"2.3274";"1.7503";"2.831";"2.4959";"0.3957";"0.0314";"2.9733";"2.2854";"3.6167";"2.2071";"2.9733";"3.124";"0.6032";"0.9232";"1.9646";"3.124";"3.209";"0.9684"
"t-924761";"Z_5";"50";"sum";"TRUE";"50";"0.2";"0";"square";"100";"0.6941";"0.5026";"1.2668";"0.96";"4.1518";"0.5026";"1.2668";"3.4013";"3.7818";"1.2668";"1.901";"2.959";"1.2224";"1.159";"1.8";"3.5958";"0.9983";"1.565";"1.7639";"1.2798";"4.4271";"1.7639";"0.4029";"0.7108";"2.6922";"1.2668";"0.7108";"4.4271";"1.0558";"2.8156";"1.2798"
"d-567561";"Z_1";"20";"product";"TRUE";"20";"2";"0.2";"log";"100";"0.2947";"1.3591";"4.9084";"2.2312";"0.0476";"0.0349";"0.12";"1.0912";"0.1116";"1.7744";"1.3487";"1.3387";"2.1992";"2.1593";"0.2534";"0.0373";"0.008";"0.0124";"1.3591";"1.9612";"1e-04";"1.7744";"1.3591";"0.5604";"1.1002";"0.0297";"0.0044";"0.0414";"0.2534";"1.1723";"0.0955"
"u-323613";"Z_6";"5";"product";"TRUE";"5";"0";"1";"log";"100";"0.3038";"1.0129";"0.9974";"0.1576";"0.5213";"0.0137";"0.9974";"0.8049";"0.3038";"0.0864";"0.0125";"0.286";"1.89";"1.4274";"1.2418";"0.3818";"0.9974";"0.758";"0.9458";"0.5488";"2.9227";"0.3513";"0.3017";"1.0987";"0.6449";"0.074";"0.286";"1.0129";"0.8049";"0.5213";"0.9974"
"m-594642";"Z_3";"50";"sum";"FALSE";"50";"0";"0.2";"log";"100";"0.6547";"0.0481";"0.2387";"0.0551";"0.4045";"1.4833";"2.34";"2.4907";"3.7818";"0.0079";"0.0079";"0.0493";"0.4759";"0.0796";"4e-04";"0.5909";"4.4099";"1.6159";"4.2273";"6.3009";"3.3485";"0.0099";"0.0017";"1e-04";"0.6615";"0.3561";"0.8115";"0.6547";"2.3863";"0.1401";"0.9983"
"b-680058";"Z_6";"5";"sum";"FALSE";"5";"0";"0.1";"log";"100";"7e-04";"0.0015";"0";"0.0035";"0.3074";"7e-04";"1e-04";"0.0042";"0.5614";"0";"0.0035";"0.1071";"0";"4.4271";"0.0015";"0";"0.0018";"0.9415";"0";"0.3672";"0.3098";"0";"0.9427";"1.4775";"1.996";"0";"1.2668";"0.3074";"0.546";"0.2947";"0.7877"
"z-306907";"Z_4";"2";"sum";"FALSE";"2";"5";"2";"softplus";"100";"0.3668";"0.3749";"0.8808";"0.3668";"0.3605";"0.3966";"1.0441";"0.0108";"0.3849";"3";"0.356";"0.4102";"0.9523";"3";"0.4257";"1.8974";"0.1621";"0.3524";"0.1248";"0.443";"3";"0.1489";"0.3524";"0.3605";"0.3966";"0.1365";"0.356";"1.8669";"0.3849";"0.0944";"0.1489"
"z-512689";"Z_3";"10";"sum";"TRUE";"10";"1";"0";"softplus";"100";"2.2694";"0.7323";"0.1993";"0.1108";"1.9728";"1.3509";"1.3653";"0.3145";"1.0665";"0.8579";"2.946";"1.7093";"0.3092";"0.1396";"2.6299";"0.0201";"1.1675";"2.2694";"0.547";"0.96";"0.8579";"0.3043";"3.54";"0.9662";"0.2932";"1.3751";"1.98";"0.7878";"0.9983";"0.9329";"1.8542"
"r-451841";"Z_1";"5";"sum";"TRUE";"5";"0.5";"2";"softplus";"100";"0.2176";"1.6669";"3.6683";"2.5624";"2.1849";"2e-04";"0.0339";"0.2047";"0.0047";"3.7287";"1.2573";"1.3994";"2.8837";"4.2856";"3.8316";"0.002";"0";"1e-04";"0.2312";"0.0554";"0.1063";"4.7657";"1.7715";"4.3187";"3.7659";"3e-04";"0.0017";"0.004";"0.0038";"3.7171";"0"
"t-752305";"Z_2";"10";"product";"FALSE";"10";"5";"1";"softplus";"100";"1.2988";"0.3553";"1e-04";"2e-04";"0";"1.0527";"1.5953";"1.7182";"0.2137";"1.4023";"1.8005";"0.3742";"1e-04";"0.0053";"0.0089";"2.4382";"1.3891";"0.093";"9";"9";"0.3582";"1.4255";"0.1618";"0.414";"0.3441";"1.8005";"5.9311";"9";"1.296";"0.12";"3.2783"
"l-520315";"Z_3";"100";"product";"FALSE";"100";"0.5";"0.2";"softplus";"100";"0";"0.0082";"0.0057";"6e-04";"0.0056";"0.0521";"0.0198";"1e-04";"1e-04";"0.1197";"0.0132";"1.7252";"0.0132";"0.0931";"0.5653";"1.1248";"0.1017";"0.7334";"0.0184";"0.3571";"1.329";"0.1197";"2e-04";"1.329";"2.0737";"0.251";"0.2098";"1.329";"0.0017";"0.0931";"0.0418"
"x-401776";"Z_4";"3";"product";"FALSE";"3";"0.2";"0";"cubic";"100";"3";"0.06";"3";"0.81";"3";"3";"3";"3";"1.38";"3";"0.06";"0.03";"3";"3";"3";"0.03";"3";"1.08";"0.99";"3";"3";"3";"3";"3";"3";"3";"3";"0.03";"0.69";"1.11";"3"
"y-409722";"Z_5";"5";"sum";"TRUE";"5";"1";"10";"softplus";"100";"3.8869";"2.4591";"4.4245";"2.5063";"0.342";"1.5203";"0.911";"3.8869";"1.0599";"3.8869";"3.8869";"0.1268";"2.9733";"0.1268";"0.037";"1.5203";"1.5203";"0.714";"3.2025";"0.1232";"0.037";"2.4591";"0.0694";"0.008";"0.0064";"3.8869";"0.4415";"0.0191";"0.4863";"3e-04";"0.0323"
"y-251125";"Z_4";"3";"sum";"FALSE";"3";"0";"0";"softplus";"100";"0.2084";"1.1238";"0.4491";"0.0808";"0.8275";"0.8275";"0.8275";"0.106";"0.8275";"0.3441";"0.5653";"0.5653";"0.1099";"0.4491";"0.8275";"0.4491";"0.8275";"0.4491";"0.6917";"0.056";"0.7379";"0.6917";"0.5653";"0.4491";"0.3441";"0.8275";"0.3441";"0.106";"0.0597";"0.9682";"0.1341"
"y-993854";"Z_6";"3";"product";"FALSE";"3";"0.1";"0.2";"softplus";"100";"0.7199";"0.3643";"0.7134";"0.8348";"0.2399";"0.3452";"0.7952";"0.7199";"0.0926";"1.5694";"0.2544";"0.2415";"3.1283";"0.708";"0.2195";"0.4325";"0.7379";"0.2657";"2.7801";"4.5762";"0.0926";"0.8348";"6.2737";"0.0811";"0.0237";"0.7629";"0.0064";"0.0064";"0.6869";"6.6013";"9"
"a-566484";"Z_5";"5";"sum";"TRUE";"5";"10";"0.5";"log";"100";"1.4173";"2.0008";"0.9147";"1.4173";"0.0043";"2.7206";"2.0579";"0.5933";"3e-04";"3.7536";"1.4173";"0";"1.2146";"0";"0";"2.002";"2.0008";"0.0108";"0.9726";"0";"0";"1.4173";"0";"0";"8e-04";"0.9379";"0";"0.0101";"0";"8e-04";"0"
"g-728967";"Z_4";"100";"product";"TRUE";"100";"10";"0.5";"square";"100";"0";"4e-04";"1e-04";"0";"0";"0";"0";"0";"0.0011";"0";"0";"0.001";"0.0027";"0";"0";"0";"0.0027";"0.0027";"0";"1e-04";"0.0027";"0";"0";"0";"0";"0";"0";"0.0027";"0.007";"0";"0"
"u-716817";"Z_3";"100";"product";"FALSE";"100";"10";"0.2";"softplus";"100";"0.012";"0.0023";"0.0023";"0.0016";"0.0011";"0.0015";"0.281";"0.0011";"5e-04";"0.0031";"0.0016";"0.0011";"0.0253";"0.0016";"0.0011";"2.0008";"0.0051";"3e-04";"0.2825";"0.0253";"0.0051";"0.0456";"0.0016";"0.0011";"0.0588";"0.6317";"1.0475";"0.0023";"1.3754";"0.0253";"1.3754"
"g-675361";"Z_5";"20";"product";"TRUE";"20";"0";"0.1";"softplus";"100";"1.544";"1.544";"1.5203";"1.5203";"1.3012";"0.911";"0.911";"0.5007";"0.2158";"1.4268";"1.5203";"1.3012";"0.5484";"0.2158";"4.6664";"1.544";"1.5203";"0.65";"0.5007";"1.1912";"2.0216";"1.5203";"2.294";"0.65";"1.1909";"1.1909";"0.2034";"1.1909";"0.2923";"0.0545";"1.3012"
"c-274501";"Z_1";"10";"product";"TRUE";"10";"10";"5";"square";"100";"0.2356";"1.4181";"2.317";"0.4354";"1.9186";"0.2356";"0.1396";"0.8348";"1.3731";"2.721";"2.317";"0.4354";"1.5322";"2.317";"1.9186";"1.128";"0.8348";"0.1396";"0.3948";"1.3731";"0.3948";"0.4354";"0.8264";"2.317";"1.5322";"1.3731";"1.3731";"2.9143";"0.3496";"1.1654";"1.128"
"f-146529";"Z_2";"10";"sum";"TRUE";"10";"0";"0.1";"cubic";"100";"1.1546";"3.2954";"5.5331";"3.5632";"2.1082";"1.3865";"1.1899";"1.0599";"0.3745";"1.5651";"1.1546";"2.8743";"5.8047";"2.0261";"0.3044";"0.2833";"1.0599";"1.277";"1.1899";"0.342";"0.2569";"1.957";"1.4004";"2.1082";"4.1914";"0.2833";"1.0599";"0.2569";"1.1248";"1.1148";"1.3865"
"b-239007";"Z_5";"5";"product";"TRUE";"5";"2";"0.2";"square";"100";"3.9306";"1.8274";"3.9812";"4.7993";"2.3775";"4.3527";"3.9306";"4.7993";"2.3775";"3.9306";"4.0252";"3.886";"3.9306";"2.145";"2.2371";"2.1849";"3.9243";"0.8379";"4.0813";"0.414";"3.886";"4.0252";"0.6661";"1.1972";"0.5144";"4.0252";"2.2371";"0.1354";"0.135";"0.414";"0.3742"
"m-601455";"Z_3";"100";"product";"FALSE";"100";"0.1";"1";"softplus";"100";"0";"0";"0";"0";"0";"0.0293";"0";"0";"0";"1e-04";"0";"0";"0";"0";"0";"0.4788";"0.4788";"0.0097";"0";"0";"0";"0";"4e-04";"0";"0";"0.0097";"0.0097";"0.0111";"0";"0";"0.4384"
"b-896893";"Z_2";"2";"sum";"FALSE";"2";"2";"1";"square";"100";"1.8867";"0.0023";"9e-04";"0.0043";"9e-04";"0.1515";"0.1515";"2.4179";"0.4491";"1e-04";"9e-04";"5e-04";"0.0297";"4e-04";"9e-04";"2.4255";"0.1515";"0.1515";"0.4491";"0.1515";"1.0716";"5e-04";"0.0043";"9e-04";"8e-04";"0.1515";"0.1515";"0.2486";"0.2486";"9e-04";"0.2486"
"m-593383";"Z_2";"100";"sum";"FALSE";"100";"0.5";"2";"softplus";"100";"0.8071";"0.0604";"0.0136";"0.0975";"0.1822";"0.2869";"1.3038";"0.0602";"1.2534";"0.4869";"0.3131";"0.0816";"0.4372";"0.0148";"0.1315";"0.0724";"0.1421";"0.0053";"0.1315";"0.4694";"0.0281";"0.3194";"0.0051";"0.3194";"0.1315";"0.4864";"0.1315";"0.0313";"2.0432";"0.1752";"0.1421"
"o-262117";"Z_5";"3";"product";"TRUE";"3";"0.5";"2";"cubic";"100";"1.47";"3";"3";"3";"1.47";"3";"3";"1.35";"3";"3";"3";"1.44";"3";"1.44";"3";"3";"3";"3";"1.44";"3";"3";"3";"3";"1.44";"1.41";"1.47";"3";"1.38";"3";"3";"1.47"
"e-799902";"Z_4";"5";"sum";"FALSE";"5";"1";"0";"softplus";"100";"1.0248";"1.9295";"4.0434";"1.2259";"4.126";"0.9735";"3.6478";"1.2259";"1.8497";"3.6478";"1.8497";"3.1568";"3.6736";"2.7873";"3.396";"2.8657";"0.4377";"0.1945";"1.7774";"3.6478";"4.7823";"4.0745";"3.396";"4.5714";"1.7774";"1.8497";"3.396";"3.0574";"3.6478";"2.7873";"3.396"
"z-283954";"Z_6";"50";"sum";"TRUE";"50";"0";"1";"square";"100";"0.1685";"3.8035";"2.5939";"0.1621";"2.9818";"2.7263";"0.0096";"0.1278";"1.6692";"3.054";"0.0136";"0.9165";"1.2751";"0.2395";"1.5166";"2.8197";"0.6291";"1.0475";"0.4136";"2.0183";"1.9655";"4.9629";"3.88";"1.8005";"1.0176";"0.4545";"0.3116";"0.9025";"1.1899";"0.384";"0.8211"
"w-569220";"Z_1";"100";"sum";"FALSE";"100";"0.2";"10";"log";"100";"2.4382";"1.8669";"1.5415";"1.2853";"4.0381";"1.1823";"0.8451";"2.1257";"1.4519";"1.1049";"0.5795";"3.2643";"2.6628";"3.0425";"1.4519";"0.0533";"1.1622";"1.4331";"0.8451";"2.12";"2.294";"2.1257";"0.4538";"0.218";"1.4185";"1.4185";"1.8579";"2.6506";"4.0381";"1.1049";"3.6169"
"z-452642";"Z_5";"2";"product";"TRUE";"2";"2";"1";"softplus";"100";"1.3591";"1.3591";"1.3591";"0.4984";"0.2347";"0.9267";"1.1654";"1.1654";"0.0699";"1.1654";"0.5902";"0.6224";"0.4984";"0.0382";"0.0382";"0.646";"1.1654";"0.9811";"0.4984";"4e-04";"0.3667";"0.2176";"2.8303";"1.4107";"2.7801";"0.6268";"0.0105";"0.919";"0.2206";"0.0048";"2.1127"
"q-578794";"Z_5";"20";"sum";"TRUE";"20";"0";"5";"square";"100";"4.0745";"3.1326";"4.1549";"0.3441";"1.3891";"4.2782";"3.6163";"3.1326";"2.3775";"4.2235";"9";"3.9243";"0.6737";"4.0252";"2.3775";"4.7993";"4.2235";"1.9186";"0.8672";"3.9496";"1.5322";"1.2167";"4.2235";"2.7956";"2.5869";"1.2988";"3.6906";"5.3116";"5.251";"2.7968";"5.2977"
"m-762006";"Z_5";"3";"product";"FALSE";"3";"1";"10";"square";"100";"2.0123";"2.0456";"1.2246";"1.9714";"0.7858";"2.0123";"0.7858";"1.2753";"1.8999";"0.3983";"1.9661";"2.9361";"2.1261";"0.9726";"4.1002";"1.2565";"2.1132";"3.1496";"1.9661";"0.8123";"4.1002";"2.0456";"2.9326";"0.8123";"0.9298";"0.9356";"2.0008";"2.1261";"3.5659";"2.0623";"2.1132"
